id,source_suite,question,qa_decision,qa_intent,qa_answer,context_safe_for_answering,candidate_paths_count,blocked_paths_count,weak_links_count,source_facts_count,missing_hints_count,validation_passed,consistency_status,failure_reason,risk_flags
eqa-v1-001,entity_qa_v1,Who is Elon Musk?,answer,define_entity,"Elon Musk is a businessman. In the overlay, Elon Musk is linked to Tesla and SpaceX through leadership, known for Tesla and SpaceX, and listed as the founder of SpaceX, Neuralink, The Boring Company, and xAI.",True,0,0,6,1,0,True,answer_supported_by_context,,volatile_source_qualified
eqa-v1-002,entity_qa_v1,What is Tesla?,answer,define_entity,"Tesla is an American electric vehicle and clean energy company. In the overlay, Tesla produces electric cars, battery energy storage, Electric cars, and Battery storage.",True,0,0,13,0,0,True,answer_supported_by_context,,
eqa-v1-003,entity_qa_v1,What is SpaceX?,answer,define_entity,"SpaceX is an aerospace manufacturer and space transportation company. In the overlay, SpaceX develops rockets and spacecraft and produces Falcon rockets and Dragon spacecraft.",True,0,0,10,0,0,True,answer_supported_by_context,,
eqa-v1-004,entity_qa_v1,What is Forbes?,answer,define_entity,"Forbes is an American business magazine. In the overlay, Forbes publishes business rankings and financial lists.",True,0,0,5,0,0,True,answer_supported_by_context,,
eqa-v1-005,entity_qa_v1,What is leadership?,answer,define_entity,Leadership is an ability to guide a group of people toward a common goal.,False,0,0,5,0,0,True,answer_supported_by_context,,
eqa-v1-006,entity_qa_v1,What is an electric vehicle?,answer,define_entity,Electric vehicle is a vehicle that uses one or more electric motors for propulsion.,False,0,0,9,0,0,True,answer_supported_by_context,,
eqa-v1-007,entity_qa_v1,What is a rocket?,answer,define_entity,Rocket is a vehicle that obtains thrust from a rocket engine.,False,0,0,7,0,0,True,answer_supported_by_context,,
eqa-v1-008,entity_qa_v1,What is net worth?,answer,define_entity,Net worth is a value of all assets minus liabilities.,False,0,0,6,0,0,True,answer_supported_by_context,,current_or_live
eqa-v1-009,entity_qa_v1,What is Elon Musk known for?,answer,relation_lookup,Elon Musk is known for Tesla and SpaceX.,True,0,0,6,1,0,True,answer_supported_by_context,,volatile_source_qualified
eqa-v1-010,entity_qa_v1,What companies is Elon Musk linked to by leadership?,answer,relation_lookup,Elon Musk is linked to Tesla and SpaceX through leadership.,False,0,1,10,1,0,True,answer_supported_by_context,,weak_only_path|volatile_source_qualified
eqa-v1-011,entity_qa_v1,What does Tesla produce?,answer,relation_lookup,"Tesla produces electric cars, battery energy storage, Electric cars, and Battery storage.",True,0,0,13,0,0,True,answer_supported_by_context,,
eqa-v1-012,entity_qa_v1,What does SpaceX develop?,answer,relation_lookup,SpaceX develops rockets and spacecraft.,True,0,0,10,0,0,True,answer_supported_by_context,,
eqa-v1-013,entity_qa_v1,Who founded SpaceX?,answer,relation_lookup,SpaceX was founded by Elon Musk.,True,0,0,10,0,0,True,answer_supported_by_context,,
eqa-v1-014,entity_qa_v1,Who founded Tesla?,answer,relation_lookup,Tesla was founded by Martin Eberhard and Marc Tarpenning.,True,0,0,13,0,0,True,answer_supported_by_context,,
eqa-v1-015,entity_qa_v1,What does Forbes publish?,answer,relation_lookup,Forbes publishes business rankings and financial lists.,True,0,0,5,0,0,True,answer_supported_by_context,,
eqa-v1-016,entity_qa_v1,Why is Forbes linked to Elon Musk?,answer,link_explanation,Forbes is linked from the Elon Musk page as a weak contextual mention. It is not treated as a stable factual relation by this overlay.,False,0,1,10,1,0,True,safe_policy_answer_supported,,weak_only_path|volatile_source_qualified
eqa-v1-017,entity_qa_v1,Why is Leadership linked to Elon Musk?,answer,link_explanation,Leadership is linked from the Elon Musk page as a weak contextual mention. It is not treated as a stable factual relation by this overlay.,False,0,1,10,1,0,True,safe_policy_answer_supported,,weak_only_path|volatile_source_qualified
eqa-v1-018,entity_qa_v1,Why is Rocket linked to SpaceX?,answer,link_explanation,Rocket is linked from the SpaceX page as a weak contextual mention. It is not treated as a stable factual relation by this overlay.,False,0,1,16,0,0,True,safe_policy_answer_supported,,weak_only_path
eqa-v1-019,entity_qa_v1,Why is Electric vehicle linked to Tesla?,answer,link_explanation,Electric vehicle is linked from the Tesla page as a weak contextual mention. It is not treated as a stable factual relation by this overlay.,False,0,1,21,0,0,True,safe_policy_answer_supported,,weak_only_path
eqa-v1-020,entity_qa_v1,What does Forbes estimate about Elon Musk?,answer,source_fact_lookup,"According to Forbes as of 2026-06, Elon Musk's estimated net worth is US$1.1 trillion. This is a volatile source-qualified estimate and should be rechecked.",False,0,1,10,1,0,True,safe_policy_answer_supported,,weak_only_path|volatile_source_qualified
eqa-v1-021,entity_qa_v1,Is Elon Musk's net worth a stable fact?,answer,source_fact_lookup,"No, Elon Musk's net worth is not a stable fact. It is classified as volatile and source-qualified (source: Forbes, as of 2026-06). It requires rechecking.",False,0,1,11,1,0,True,safe_policy_answer_supported,,weak_only_path|volatile_source_qualified
eqa-v1-022,entity_qa_v1,Why should Musk's net worth be rechecked?,answer,source_fact_lookup,Musk's net worth should be rechecked because it is a time-sensitive estimate from Forbes (as of 2026-06). Wealth figures change frequently and are source-dependent.,False,0,1,11,1,0,True,safe_policy_answer_supported,,weak_only_path|volatile_source_qualified
eqa-v1-023,entity_qa_v1,What is Elon Musk's favorite food?,audit,unknown_or_unsupported,I cannot answer from the wiki overlay because this question asks for personal or unsupported information not present in the wiki overlay.,False,0,0,6,1,0,True,audit_supported_by_context,,private_or_sensitive|volatile_source_qualified
eqa-v1-024,entity_qa_v1,Who is the current CEO of Tesla?,audit,unknown_or_unsupported,I cannot answer from the wiki overlay because this question asks for current/real-time data that is not available as an accepted source-qualified fact in the overlay.,False,0,0,13,0,1,True,audit_supported_by_context,,current_or_live
eqa-v1-025,entity_qa_v1,What is Tesla's current stock price?,audit,unknown_or_unsupported,I cannot answer from the wiki overlay because this question asks for current/real-time data that is not available as an accepted source-qualified fact in the overlay.,False,0,0,13,0,0,True,audit_supported_by_context,,current_or_live
eqa-v1-026,entity_qa_v1,What is SpaceX's current valuation?,audit,unknown_or_unsupported,I cannot answer from the wiki overlay because this question asks for current/real-time data that is not available as an accepted source-qualified fact in the overlay.,False,0,0,10,0,1,True,audit_supported_by_context,,current_or_live
eqa-v1-027,entity_qa_v1,What is the current market cap of Tesla?,audit,unknown_or_unsupported,I cannot answer from the wiki overlay because this question asks for current/real-time data that is not available as an accepted source-qualified fact in the overlay.,False,0,0,13,0,0,True,audit_supported_by_context,,current_or_live
eqa-v1-028,entity_qa_v1,What is Bloomberg News?,answer,define_entity,"Bloomberg News is an international news organization. In the overlay, Bloomberg News publishes financial market coverage and wealth indexes.",True,0,0,3,0,0,True,answer_supported_by_context,,
eqa-exp-v1-001,entity_qa_expansion_v1,Who is Elon Musk?,answer,define_entity,"Elon Musk is a businessman. In the overlay, Elon Musk is linked to Tesla and SpaceX through leadership, known for Tesla and SpaceX, and listed as the founder of SpaceX, Neuralink, The Boring Company, and xAI.",True,0,0,6,1,0,True,answer_supported_by_context,,volatile_source_qualified
eqa-exp-v1-002,entity_qa_expansion_v1,Tell me who Elon Musk is.,answer,define_entity,"Elon Musk is a businessman. In the overlay, Elon Musk is linked to Tesla and SpaceX through leadership, known for Tesla and SpaceX, and listed as the founder of SpaceX, Neuralink, The Boring Company, and xAI.",True,0,0,6,1,0,True,answer_supported_by_context,,volatile_source_qualified
eqa-exp-v1-003,entity_qa_expansion_v1,What kind of entity is Elon Musk?,answer,define_entity,"Elon Musk is a businessman. In the overlay, Elon Musk is linked to Tesla and SpaceX through leadership, known for Tesla and SpaceX, and listed as the founder of SpaceX, Neuralink, The Boring Company, and xAI.",True,0,0,6,1,0,True,answer_supported_by_context,,volatile_source_qualified
eqa-exp-v1-004,entity_qa_expansion_v1,What kind of person is Elon Musk?,answer,define_entity,"Elon Musk is a businessman. In the overlay, Elon Musk is linked to Tesla and SpaceX through leadership, known for Tesla and SpaceX, and listed as the founder of SpaceX, Neuralink, The Boring Company, and xAI.",True,0,0,6,1,0,True,answer_supported_by_context,,volatile_source_qualified
eqa-exp-v1-005,entity_qa_expansion_v1,What is Tesla?,answer,define_entity,"Tesla is an American electric vehicle and clean energy company. In the overlay, Tesla produces electric cars, battery energy storage, Electric cars, and Battery storage.",True,0,0,13,0,0,True,answer_supported_by_context,,
eqa-exp-v1-006,entity_qa_expansion_v1,Tell me about Tesla.,answer,define_entity,"Tesla is an American electric vehicle and clean energy company. In the overlay, Tesla produces electric cars, battery energy storage, Electric cars, and Battery storage.",True,0,0,13,0,0,True,answer_supported_by_context,,
eqa-exp-v1-007,entity_qa_expansion_v1,What kind of organization is Tesla?,answer,define_entity,"Tesla is an American electric vehicle and clean energy company. In the overlay, Tesla produces electric cars, battery energy storage, Electric cars, and Battery storage.",True,0,0,13,0,0,True,answer_supported_by_context,,
eqa-exp-v1-008,entity_qa_expansion_v1,What sort of company is Tesla?,answer,define_entity,"Tesla is an American electric vehicle and clean energy company. In the overlay, Tesla produces electric cars, battery energy storage, Electric cars, and Battery storage.",True,0,0,13,0,0,True,answer_supported_by_context,,
eqa-exp-v1-009,entity_qa_expansion_v1,What is SpaceX?,answer,define_entity,"SpaceX is an aerospace manufacturer and space transportation company. In the overlay, SpaceX develops rockets and spacecraft and produces Falcon rockets and Dragon spacecraft.",True,0,0,10,0,0,True,answer_supported_by_context,,
eqa-exp-v1-010,entity_qa_expansion_v1,Tell me about SpaceX.,answer,define_entity,"SpaceX is an aerospace manufacturer and space transportation company. In the overlay, SpaceX develops rockets and spacecraft and produces Falcon rockets and Dragon spacecraft.",True,0,0,10,0,0,True,answer_supported_by_context,,
eqa-exp-v1-011,entity_qa_expansion_v1,What kind of company is SpaceX?,answer,define_entity,"SpaceX is an aerospace manufacturer and space transportation company. In the overlay, SpaceX develops rockets and spacecraft and produces Falcon rockets and Dragon spacecraft.",True,0,0,10,0,0,True,answer_supported_by_context,,
eqa-exp-v1-012,entity_qa_expansion_v1,What is Forbes?,answer,define_entity,"Forbes is an American business magazine. In the overlay, Forbes publishes business rankings and financial lists.",True,0,0,5,0,0,True,answer_supported_by_context,,
eqa-exp-v1-013,entity_qa_expansion_v1,Tell me about Forbes.,answer,define_entity,"Forbes is an American business magazine. In the overlay, Forbes publishes business rankings and financial lists.",True,0,0,5,0,0,True,answer_supported_by_context,,
eqa-exp-v1-014,entity_qa_expansion_v1,What type of publication is Forbes?,answer,define_entity,"Forbes is an American business magazine. In the overlay, Forbes publishes business rankings and financial lists.",True,0,0,5,0,0,True,answer_supported_by_context,,
eqa-exp-v1-015,entity_qa_expansion_v1,What is Bloomberg News?,answer,define_entity,"Bloomberg News is an international news organization. In the overlay, Bloomberg News publishes financial market coverage and wealth indexes.",True,0,0,3,0,0,True,answer_supported_by_context,,
eqa-exp-v1-016,entity_qa_expansion_v1,What type of organization is Bloomberg News?,answer,define_entity,"Bloomberg News is an international news organization. In the overlay, Bloomberg News publishes financial market coverage and wealth indexes.",True,0,0,3,0,0,True,answer_supported_by_context,,
eqa-exp-v1-017,entity_qa_expansion_v1,What is leadership?,answer,define_entity,Leadership is an ability to guide a group of people toward a common goal.,False,0,0,5,0,0,True,answer_supported_by_context,,
eqa-exp-v1-018,entity_qa_expansion_v1,Tell me about leadership.,answer,define_entity,Leadership is an ability to guide a group of people toward a common goal.,False,0,0,5,0,0,True,answer_supported_by_context,,
eqa-exp-v1-019,entity_qa_expansion_v1,What is an electric vehicle?,answer,define_entity,Electric vehicle is a vehicle that uses one or more electric motors for propulsion.,False,0,0,9,0,0,True,answer_supported_by_context,,
eqa-exp-v1-020,entity_qa_expansion_v1,What is a rocket?,answer,define_entity,Rocket is a vehicle that obtains thrust from a rocket engine.,False,0,0,7,0,0,True,answer_supported_by_context,,
eqa-exp-v1-021,entity_qa_expansion_v1,What is net worth?,answer,define_entity,Net worth is a value of all assets minus liabilities.,False,0,0,6,0,0,True,answer_supported_by_context,,current_or_live
eqa-exp-v1-022,entity_qa_expansion_v1,Tell me about net worth.,answer,define_entity,Net worth is a value of all assets minus liabilities.,False,0,0,6,0,0,True,answer_supported_by_context,,current_or_live
eqa-exp-v1-023,entity_qa_expansion_v1,What is a businessperson?,answer,define_entity,Businessperson is a person who engages in commercial activity.,False,0,0,3,0,0,True,answer_supported_by_context,,
eqa-exp-v1-024,entity_qa_expansion_v1,What is Elon Musk known for?,answer,relation_lookup,Elon Musk is known for Tesla and SpaceX.,True,0,0,6,1,0,True,answer_supported_by_context,,volatile_source_qualified
eqa-exp-v1-025,entity_qa_expansion_v1,What companies is Elon Musk known for?,answer,relation_lookup,Elon Musk is known for Tesla and SpaceX.,True,0,0,6,1,0,True,answer_supported_by_context,,volatile_source_qualified
eqa-exp-v1-026,entity_qa_expansion_v1,What is SpaceX known for?,answer,relation_lookup,SpaceX develops rockets and spacecraft. SpaceX produces Falcon rockets and Dragon spacecraft.,True,0,0,10,0,0,True,answer_supported_by_context,,
eqa-exp-v1-027,entity_qa_expansion_v1,What companies is Elon Musk linked to by leadership?,answer,relation_lookup,Elon Musk is linked to Tesla and SpaceX through leadership.,False,0,1,10,1,0,True,answer_supported_by_context,,weak_only_path|volatile_source_qualified
eqa-exp-v1-028,entity_qa_expansion_v1,Which organizations is Elon Musk linked to through leadership?,answer,relation_lookup,Elon Musk is linked to Tesla and SpaceX through leadership.,False,0,1,10,1,0,True,answer_supported_by_context,,weak_only_path|volatile_source_qualified
eqa-exp-v1-029,entity_qa_expansion_v1,How is Elon Musk connected to Tesla?,answer,relation_lookup,Elon Musk is linked to Tesla through leadership. Elon Musk is known for Tesla.,True,1,0,18,1,0,True,answer_supported_by_context,,volatile_source_qualified
eqa-exp-v1-030,entity_qa_expansion_v1,How is Elon Musk related to Tesla?,answer,relation_lookup,Elon Musk is linked to Tesla through leadership. Elon Musk is known for Tesla.,True,1,0,18,1,0,True,answer_supported_by_context,,volatile_source_qualified
eqa-exp-v1-031,entity_qa_expansion_v1,How is Elon Musk connected to SpaceX?,answer,relation_lookup,Elon Musk is linked to SpaceX through leadership. Elon Musk is known for SpaceX. Elon Musk founded SpaceX.,True,1,0,15,1,0,True,answer_supported_by_context,,volatile_source_qualified
eqa-exp-v1-032,entity_qa_expansion_v1,How is Elon Musk linked to SpaceX?,answer,relation_lookup,Elon Musk is linked to SpaceX through leadership. Elon Musk is known for SpaceX. Elon Musk founded SpaceX.,True,1,0,15,1,0,True,answer_supported_by_context,,volatile_source_qualified
eqa-exp-v1-033,entity_qa_expansion_v1,What does Tesla produce?,answer,relation_lookup,"Tesla produces electric cars, battery energy storage, Electric cars, and Battery storage.",True,0,0,13,0,0,True,answer_supported_by_context,,
eqa-exp-v1-034,entity_qa_expansion_v1,What products does Tesla make?,answer,relation_lookup,"Tesla produces electric cars, battery energy storage, Electric cars, and Battery storage.",True,0,0,13,0,0,True,answer_supported_by_context,,
eqa-exp-v1-035,entity_qa_expansion_v1,What does Tesla manufacture?,answer,relation_lookup,"Tesla produces electric cars, battery energy storage, Electric cars, and Battery storage.",True,0,0,13,0,0,True,answer_supported_by_context,,
eqa-exp-v1-036,entity_qa_expansion_v1,What does SpaceX develop?,answer,relation_lookup,SpaceX develops rockets and spacecraft.,True,0,0,10,0,0,True,answer_supported_by_context,,
eqa-exp-v1-037,entity_qa_expansion_v1,What does SpaceX produce?,answer,relation_lookup,SpaceX produces Falcon rockets and Dragon spacecraft.,True,0,0,10,0,0,True,answer_supported_by_context,,
eqa-exp-v1-038,entity_qa_expansion_v1,What products does SpaceX make?,answer,relation_lookup,SpaceX produces Falcon rockets and Dragon spacecraft.,True,0,0,10,0,0,True,answer_supported_by_context,,
eqa-exp-v1-039,entity_qa_expansion_v1,What does SpaceX manufacture?,answer,relation_lookup,SpaceX produces Falcon rockets and Dragon spacecraft.,True,0,0,10,0,0,True,answer_supported_by_context,,
eqa-exp-v1-040,entity_qa_expansion_v1,Who founded SpaceX?,answer,relation_lookup,SpaceX was founded by Elon Musk.,True,0,0,10,0,0,True,answer_supported_by_context,,
eqa-exp-v1-041,entity_qa_expansion_v1,Who is the founder of SpaceX?,answer,relation_lookup,SpaceX was founded by Elon Musk.,True,0,0,10,0,0,True,answer_supported_by_context,,
eqa-exp-v1-042,entity_qa_expansion_v1,Who were SpaceX's founders?,answer,relation_lookup,SpaceX was founded by Elon Musk.,True,0,0,10,0,0,True,answer_supported_by_context,,
eqa-exp-v1-043,entity_qa_expansion_v1,Who founded Tesla?,answer,relation_lookup,Tesla was founded by Martin Eberhard and Marc Tarpenning.,True,0,0,13,0,0,True,answer_supported_by_context,,
eqa-exp-v1-044,entity_qa_expansion_v1,Who is the founder of Tesla?,answer,relation_lookup,Tesla was founded by Martin Eberhard and Marc Tarpenning.,True,0,0,13,0,0,True,answer_supported_by_context,,
eqa-exp-v1-045,entity_qa_expansion_v1,Who were Tesla's founders?,answer,relation_lookup,Tesla was founded by Martin Eberhard and Marc Tarpenning.,True,0,0,13,0,0,True,answer_supported_by_context,,
eqa-exp-v1-046,entity_qa_expansion_v1,What does Forbes publish?,answer,relation_lookup,Forbes publishes business rankings and financial lists.,True,0,0,5,0,0,True,answer_supported_by_context,,
eqa-exp-v1-047,entity_qa_expansion_v1,What does Bloomberg News publish?,answer,relation_lookup,Bloomberg News publishes financial market coverage and wealth indexes.,True,0,0,3,0,0,True,answer_supported_by_context,,
eqa-exp-v1-048,entity_qa_expansion_v1,Why is Forbes linked to Elon Musk?,answer,link_explanation,Forbes is linked from the Elon Musk page as a weak contextual mention. It is not treated as a stable factual relation by this overlay.,False,0,1,10,1,0,True,safe_policy_answer_supported,,weak_only_path|volatile_source_qualified
eqa-exp-v1-049,entity_qa_expansion_v1,Why does Forbes appear on the Elon Musk page?,answer,link_explanation,Forbes is linked from the Elon Musk page as a weak contextual mention. It is not treated as a stable factual relation by this overlay.,False,0,1,10,1,0,True,safe_policy_answer_supported,,weak_only_path|volatile_source_qualified
eqa-exp-v1-050,entity_qa_expansion_v1,Is Forbes a stable factual relation for Elon Musk?,answer,link_explanation,Forbes is linked from the Elon Musk page as a weak contextual mention. It is not treated as a stable factual relation by this overlay.,False,0,1,10,1,0,True,safe_policy_answer_supported,,weak_only_path|volatile_source_qualified
eqa-exp-v1-051,entity_qa_expansion_v1,Why is leadership linked to Elon Musk?,answer,link_explanation,leadership is linked from the Elon Musk page as a weak contextual mention. It is not treated as a stable factual relation by this overlay.,False,0,1,10,1,0,True,safe_policy_answer_supported,,weak_only_path|volatile_source_qualified
eqa-exp-v1-052,entity_qa_expansion_v1,Why is net worth linked to Elon Musk?,answer,link_explanation,net worth is linked from the Elon Musk page as a weak contextual mention. It is not treated as a stable factual relation by this overlay.,False,0,1,11,1,0,True,safe_policy_answer_supported,,weak_only_path|volatile_source_qualified
eqa-exp-v1-053,entity_qa_expansion_v1,Why is SpaceX linked to Elon Musk?,answer,link_explanation,SpaceX is linked from the Elon Musk page as a weak contextual mention. It is not treated as a stable factual relation by this overlay.,True,1,0,15,1,0,True,safe_policy_answer_supported,,volatile_source_qualified
eqa-exp-v1-054,entity_qa_expansion_v1,Why is Tesla linked to Elon Musk?,answer,link_explanation,Tesla is linked from the Elon Musk page as a weak contextual mention. It is not treated as a stable factual relation by this overlay.,True,1,0,18,1,0,True,safe_policy_answer_supported,,volatile_source_qualified
eqa-exp-v1-055,entity_qa_expansion_v1,Why is businessman linked to Elon Musk?,answer,link_explanation,businessman is linked from the Elon Musk page as a weak contextual mention. It is not treated as a stable factual relation by this overlay.,True,0,0,6,1,0,True,safe_policy_answer_supported,,volatile_source_qualified
eqa-exp-v1-056,entity_qa_expansion_v1,Why are rockets linked to SpaceX?,answer,link_explanation,rockets is linked from the SpaceX page as a weak contextual mention. It is not treated as a stable factual relation by this overlay.,True,1,0,11,0,0,True,safe_policy_answer_supported,,
eqa-exp-v1-057,entity_qa_expansion_v1,Why is Rocket linked to SpaceX?,answer,link_explanation,Rocket is linked from the SpaceX page as a weak contextual mention. It is not treated as a stable factual relation by this overlay.,False,0,1,16,0,0,True,safe_policy_answer_supported,,weak_only_path
eqa-exp-v1-058,entity_qa_expansion_v1,Why are spacecraft linked to SpaceX?,answer,link_explanation,spacecraft is linked from the SpaceX page as a weak contextual mention. It is not treated as a stable factual relation by this overlay.,True,1,0,16,0,0,True,safe_policy_answer_supported,,
eqa-exp-v1-059,entity_qa_expansion_v1,Why are electric vehicles linked to Tesla?,answer,link_explanation,electric vehicles is linked from the Tesla page as a weak contextual mention. It is not treated as a stable factual relation by this overlay.,True,0,0,13,0,0,True,safe_policy_answer_supported,,
eqa-exp-v1-060,entity_qa_expansion_v1,Why is Electric vehicle linked to Tesla?,answer,link_explanation,Electric vehicle is linked from the Tesla page as a weak contextual mention. It is not treated as a stable factual relation by this overlay.,False,0,1,21,0,0,True,safe_policy_answer_supported,,weak_only_path
eqa-exp-v1-061,entity_qa_expansion_v1,Why is clean energy linked to Tesla?,answer,link_explanation,clean energy is linked from the Tesla page as a weak contextual mention. It is not treated as a stable factual relation by this overlay.,False,0,1,17,0,0,True,safe_policy_answer_supported,,weak_only_path
eqa-exp-v1-062,entity_qa_expansion_v1,Why is rankings linked to Forbes?,answer,link_explanation,rankings is linked from the Forbes page as a weak contextual mention. It is not treated as a stable factual relation by this overlay.,True,0,0,5,0,0,True,safe_policy_answer_supported,,
eqa-exp-v1-063,entity_qa_expansion_v1,Is a wiki link treated as a fact?,answer,link_explanation,"No. In this overlay, a wiki link is stored as a weak context link (weak_context_only trust) and is not treated as a stable factual relation. A weak link does not establish that a claim is true.",False,0,0,0,0,0,True,safe_policy_answer_supported,,
eqa-exp-v1-064,entity_qa_expansion_v1,Does the overlay treat weak context links as facts?,answer,link_explanation,"No. In this overlay, a wiki link is stored as a weak context link (weak_context_only trust) and is not treated as a stable factual relation. A weak link does not establish that a claim is true.",False,0,0,0,0,0,True,safe_policy_answer_supported,,
eqa-exp-v1-065,entity_qa_expansion_v1,Are weak context links treated as facts?,answer,link_explanation,"No. In this overlay, a wiki link is stored as a weak context link (weak_context_only trust) and is not treated as a stable factual relation. A weak link does not establish that a claim is true.",False,0,0,0,0,0,True,safe_policy_answer_supported,,
eqa-exp-v1-066,entity_qa_expansion_v1,Is a weak link a fact?,answer,link_explanation,"No. In this overlay, a wiki link is stored as a weak context link (weak_context_only trust) and is not treated as a stable factual relation. A weak link does not establish that a claim is true.",False,0,0,0,0,0,True,safe_policy_answer_supported,,
eqa-exp-v1-067,entity_qa_expansion_v1,Does a weak link mean the claim is true?,answer,link_explanation,"No. In this overlay, a wiki link is stored as a weak context link (weak_context_only trust) and is not treated as a stable factual relation. A weak link does not establish that a claim is true.",False,0,0,0,0,0,True,safe_policy_answer_supported,,
eqa-exp-v1-068,entity_qa_expansion_v1,What does Forbes estimate about Elon Musk?,answer,source_fact_lookup,"According to Forbes as of 2026-06, Elon Musk's estimated net worth is US$1.1 trillion. This is a volatile source-qualified estimate and should be rechecked.",False,0,1,10,1,0,True,safe_policy_answer_supported,,weak_only_path|volatile_source_qualified
eqa-exp-v1-069,entity_qa_expansion_v1,What is Musk's source-qualified net worth estimate?,answer,source_fact_lookup,"According to Forbes as of 2026-06, Elon Musk's estimated net worth is US$1.1 trillion. This is a volatile source-qualified estimate and should be rechecked.",False,0,1,11,1,0,True,safe_policy_answer_supported,,weak_only_path|volatile_source_qualified
eqa-exp-v1-070,entity_qa_expansion_v1,What is Elon Musk's net worth estimate?,answer,source_fact_lookup,"According to Forbes as of 2026-06, Elon Musk's estimated net worth is US$1.1 trillion. This is a volatile source-qualified estimate and should be rechecked.",False,0,1,11,1,0,True,safe_policy_answer_supported,,weak_only_path|volatile_source_qualified
eqa-exp-v1-071,entity_qa_expansion_v1,"According to Forbes, what is Musk's estimated net worth?",answer,source_fact_lookup,"According to Forbes as of 2026-06, Elon Musk's estimated net worth is US$1.1 trillion. This is a volatile source-qualified estimate and should be rechecked.",False,0,2,15,1,0,True,safe_policy_answer_supported,,weak_only_path|volatile_source_qualified
eqa-exp-v1-072,entity_qa_expansion_v1,"According to Forbes, what is Elon Musk's estimated net worth?",answer,source_fact_lookup,"According to Forbes as of 2026-06, Elon Musk's estimated net worth is US$1.1 trillion. This is a volatile source-qualified estimate and should be rechecked.",False,0,2,15,1,0,True,safe_policy_answer_supported,,weak_only_path|volatile_source_qualified
eqa-exp-v1-073,entity_qa_expansion_v1,Is Elon Musk's net worth a stable fact?,answer,source_fact_lookup,"No, Elon Musk's net worth is not a stable fact. It is classified as volatile and source-qualified (source: Forbes, as of 2026-06). It requires rechecking.",False,0,1,11,1,0,True,safe_policy_answer_supported,,weak_only_path|volatile_source_qualified
eqa-exp-v1-074,entity_qa_expansion_v1,Is Musk's net worth volatile?,answer,source_fact_lookup,"No, Musk's net worth is not a stable fact. It is classified as volatile and source-qualified (source: Forbes, as of 2026-06). It requires rechecking.",False,0,1,11,1,0,True,safe_policy_answer_supported,,weak_only_path|volatile_source_qualified
eqa-exp-v1-075,entity_qa_expansion_v1,Is Elon Musk's net worth volatile?,answer,source_fact_lookup,"No, Elon Musk's net worth is not a stable fact. It is classified as volatile and source-qualified (source: Forbes, as of 2026-06). It requires rechecking.",False,0,1,11,1,0,True,safe_policy_answer_supported,,weak_only_path|volatile_source_qualified
eqa-exp-v1-076,entity_qa_expansion_v1,Why should Musk's net worth be rechecked?,answer,source_fact_lookup,Musk's net worth should be rechecked because it is a time-sensitive estimate from Forbes (as of 2026-06). Wealth figures change frequently and are source-dependent.,False,0,1,11,1,0,True,safe_policy_answer_supported,,weak_only_path|volatile_source_qualified
eqa-exp-v1-077,entity_qa_expansion_v1,Why should Elon Musk's net worth be rechecked?,answer,source_fact_lookup,Elon Musk's net worth should be rechecked because it is a time-sensitive estimate from Forbes (as of 2026-06). Wealth figures change frequently and are source-dependent.,False,0,1,11,1,0,True,safe_policy_answer_supported,,weak_only_path|volatile_source_qualified
eqa-exp-v1-078,entity_qa_expansion_v1,Does the overlay require rechecking Musk's net worth?,answer,source_fact_lookup,Musk's net worth should be rechecked because it is a time-sensitive estimate from Forbes (as of 2026-06). Wealth figures change frequently and are source-dependent.,False,0,1,11,1,0,True,safe_policy_answer_supported,,weak_only_path|volatile_source_qualified
eqa-exp-v1-079,entity_qa_expansion_v1,Does the overlay require rechecking Elon Musk's net worth?,answer,source_fact_lookup,Elon Musk's net worth should be rechecked because it is a time-sensitive estimate from Forbes (as of 2026-06). Wealth figures change frequently and are source-dependent.,False,0,1,11,1,0,True,safe_policy_answer_supported,,weak_only_path|volatile_source_qualified
eqa-exp-v1-080,entity_qa_expansion_v1,What is Elon Musk's favorite food?,audit,unknown_or_unsupported,I cannot answer from the wiki overlay because this question asks for personal or unsupported information not present in the wiki overlay.,False,0,0,6,1,0,True,audit_supported_by_context,,private_or_sensitive|volatile_source_qualified
eqa-exp-v1-081,entity_qa_expansion_v1,Who is the current CEO of Tesla?,audit,unknown_or_unsupported,I cannot answer from the wiki overlay because this question asks for current/real-time data that is not available as an accepted source-qualified fact in the overlay.,False,0,0,13,0,1,True,audit_supported_by_context,,current_or_live
eqa-exp-v1-082,entity_qa_expansion_v1,Who is the current CEO of SpaceX?,audit,unknown_or_unsupported,I cannot answer from the wiki overlay because this question asks for current/real-time data that is not available as an accepted source-qualified fact in the overlay.,False,0,0,10,0,1,True,audit_supported_by_context,,current_or_live
eqa-exp-v1-083,entity_qa_expansion_v1,What is Tesla's current stock price?,audit,unknown_or_unsupported,I cannot answer from the wiki overlay because this question asks for current/real-time data that is not available as an accepted source-qualified fact in the overlay.,False,0,0,13,0,0,True,audit_supported_by_context,,current_or_live
eqa-exp-v1-084,entity_qa_expansion_v1,What is SpaceX's current valuation?,audit,unknown_or_unsupported,I cannot answer from the wiki overlay because this question asks for current/real-time data that is not available as an accepted source-qualified fact in the overlay.,False,0,0,10,0,1,True,audit_supported_by_context,,current_or_live
eqa-exp-v1-085,entity_qa_expansion_v1,What is the current market cap of Tesla?,audit,unknown_or_unsupported,I cannot answer from the wiki overlay because this question asks for current/real-time data that is not available as an accepted source-qualified fact in the overlay.,False,0,0,13,0,0,True,audit_supported_by_context,,current_or_live
eqa-exp-v1-086,entity_qa_expansion_v1,What is the current price of Tesla stock?,audit,unknown_or_unsupported,I cannot answer from the wiki overlay because this question asks for current/real-time data that is not available as an accepted source-qualified fact in the overlay.,False,0,0,13,0,1,True,audit_supported_by_context,,current_or_live
eqa-exp-v1-087,entity_qa_expansion_v1,How much is Tesla stock today?,audit,unknown_or_unsupported,I cannot answer from the wiki overlay because this question asks for current/real-time data that is not available as an accepted source-qualified fact in the overlay.,False,0,0,13,0,0,True,audit_supported_by_context,,current_or_live
eqa-exp-v1-088,entity_qa_expansion_v1,What is SpaceX worth right now?,audit,unknown_or_unsupported,I cannot answer from the wiki overlay because this question asks for current/real-time data that is not available as an accepted source-qualified fact in the overlay.,False,0,1,16,0,0,True,audit_supported_by_context,,weak_only_path|current_or_live
eqa-exp-v1-089,entity_qa_expansion_v1,What is SpaceX's valuation right now?,audit,unknown_or_unsupported,I cannot answer from the wiki overlay because this question asks for current/real-time data that is not available as an accepted source-qualified fact in the overlay.,False,0,0,10,0,0,True,audit_supported_by_context,,current_or_live
eqa-exp-v1-090,entity_qa_expansion_v1,What is Musk doing today?,audit,unknown_or_unsupported,I cannot answer from the wiki overlay because this question asks for current/real-time data that is not available as an accepted source-qualified fact in the overlay.,True,0,0,6,1,0,True,audit_despite_safe_context,"QA audited though the context pack shows an explicit path; QA is more conservative (reported as warning, not weakened)",volatile_source_qualified
eqa-exp-v1-091,entity_qa_expansion_v1,What is Elon Musk doing today?,audit,unknown_or_unsupported,I cannot answer from the wiki overlay because this question asks for current/real-time data that is not available as an accepted source-qualified fact in the overlay.,True,0,0,6,1,0,True,audit_despite_safe_context,"QA audited though the context pack shows an explicit path; QA is more conservative (reported as warning, not weakened)",volatile_source_qualified
eqa-exp-v1-092,entity_qa_expansion_v1,What is Elon Musk's phone number?,audit,unknown_or_unsupported,I cannot answer from the wiki overlay because this question asks for personal or unsupported information not present in the wiki overlay.,False,0,0,6,1,0,True,audit_supported_by_context,,private_or_sensitive|volatile_source_qualified
eqa-exp-v1-093,entity_qa_expansion_v1,What is Elon Musk's home address?,audit,unknown_or_unsupported,I cannot answer from the wiki overlay because this question asks for personal or unsupported information not present in the wiki overlay.,False,0,0,6,1,0,True,audit_supported_by_context,,private_or_sensitive|volatile_source_qualified
eqa-exp-v1-094,entity_qa_expansion_v1,What is Elon Musk's date of birth?,audit,unknown_or_unsupported,I cannot answer from the wiki overlay because this question asks for personal or unsupported information not present in the wiki overlay.,False,0,0,6,1,0,True,audit_supported_by_context,,private_or_sensitive|volatile_source_qualified
eqa-exp-v1-095,entity_qa_expansion_v1,Where does Elon Musk live right now?,audit,unknown_or_unsupported,I cannot answer from the wiki overlay because this question asks for current/real-time data that is not available as an accepted source-qualified fact in the overlay.,True,0,0,6,1,0,True,audit_despite_safe_context,"QA audited though the context pack shows an explicit path; QA is more conservative (reported as warning, not weakened)",volatile_source_qualified
eqa-exp-v1-096,entity_qa_expansion_v1,What is Tesla's latest quarterly revenue?,audit,unknown_or_unsupported,I cannot answer from the wiki overlay because this question asks for current/real-time data that is not available as an accepted source-qualified fact in the overlay.,False,0,0,13,0,1,True,audit_supported_by_context,,current_or_live
eqa-exp-v1-097,entity_qa_expansion_v1,What is Forbes' latest ranking of Elon Musk?,audit,unknown_or_unsupported,I cannot answer from the wiki overlay because this question asks for current/real-time data that is not available as an accepted source-qualified fact in the overlay.,False,0,1,10,1,1,True,audit_supported_by_context,,weak_only_path|volatile_source_qualified
eqa-exp-v1-098,entity_qa_expansion_v1,What is Tesla's market cap right now?,audit,unknown_or_unsupported,I cannot answer from the wiki overlay because this question asks for current/real-time data that is not available as an accepted source-qualified fact in the overlay.,False,0,0,13,0,0,True,audit_supported_by_context,,current_or_live
eqa-exp-v1-099,entity_qa_expansion_v1,Does Forbes lead Tesla?,audit,unknown_or_unsupported,I cannot answer from the wiki overlay because this question asks for personal or unsupported information not present in the wiki overlay.,False,0,1,18,0,3,True,audit_supported_by_context,,weak_only_path
eqa-exp-v1-100,entity_qa_expansion_v1,Does Tesla lead Elon Musk?,audit,unknown_or_unsupported,I cannot answer from the wiki overlay because this question asks for personal or unsupported information not present in the wiki overlay.,False,0,1,18,1,0,True,audit_supported_by_context,,relation_inversion|volatile_source_qualified
eqa-exp-v1-101,entity_qa_expansion_v1,Is Tesla the founder of Elon Musk?,audit,unknown_or_unsupported,I cannot answer from the wiki overlay because this question asks for personal or unsupported information not present in the wiki overlay.,False,0,1,18,1,0,True,audit_supported_by_context,,relation_inversion|volatile_source_qualified
eqa-exp-v1-102,entity_qa_expansion_v1,Is SpaceX the founder of Elon Musk?,audit,unknown_or_unsupported,I cannot answer from the wiki overlay because this question asks for personal or unsupported information not present in the wiki overlay.,False,0,1,15,1,0,True,audit_supported_by_context,,relation_inversion|volatile_source_qualified
eqa-exp-v1-103,entity_qa_expansion_v1,Did SpaceX found Elon Musk?,audit,unknown_or_unsupported,I cannot answer from the wiki overlay because this question asks for personal or unsupported information not present in the wiki overlay.,False,0,1,15,1,0,True,audit_supported_by_context,,relation_inversion|volatile_source_qualified
eqa-exp-v1-104,entity_qa_expansion_v1,Did Tesla found Elon Musk?,audit,unknown_or_unsupported,I cannot answer from the wiki overlay because this question asks for personal or unsupported information not present in the wiki overlay.,False,0,1,18,1,0,True,audit_supported_by_context,,relation_inversion|volatile_source_qualified
eqa-exp-v1-105,entity_qa_expansion_v1,Is Rocket a company?,audit,unknown_or_unsupported,I cannot answer from the wiki overlay because this question asks for personal or unsupported information not present in the wiki overlay.,False,0,0,7,0,1,True,audit_supported_by_context,,
eqa-exp-v1-106,entity_qa_expansion_v1,Is leadership a company?,audit,unknown_or_unsupported,I cannot answer from the wiki overlay because this question asks for personal or unsupported information not present in the wiki overlay.,False,0,0,5,0,1,True,audit_supported_by_context,,
eqa-exp-v1-107,entity_qa_expansion_v1,Is net worth a stable physical property?,audit,unknown_or_unsupported,I cannot answer from the wiki overlay because this question asks for personal or unsupported information not present in the wiki overlay.,False,0,0,6,0,1,True,audit_supported_by_context,,current_or_live
eqa-exp-v1-108,entity_qa_expansion_v1,Is leadership a product made by Tesla?,audit,unknown_or_unsupported,I cannot answer from the wiki overlay because this question asks for personal or unsupported information not present in the wiki overlay.,False,0,1,18,0,1,True,audit_supported_by_context,,weak_only_path
eqa-exp-v1-109,entity_qa_expansion_v1,Is Bloomberg News the same as Bloomberg L.P.?,audit,unknown_or_unsupported,I cannot answer from the wiki overlay because this question asks for personal or unsupported information not present in the wiki overlay.,True,0,0,3,0,1,True,audit_despite_safe_context,"QA audited though the context pack shows an explicit path; QA is more conservative (reported as warning, not weakened)",
eqa-exp-v1-110,entity_qa_expansion_v1,Is Forbes the same as Bloomberg News?,audit,unknown_or_unsupported,I cannot answer from the wiki overlay because this question asks for personal or unsupported information not present in the wiki overlay.,False,0,1,8,0,1,True,audit_supported_by_context,,
eqa-exp-v1-111,entity_qa_expansion_v1,Does a weak link prove the claim?,audit,unknown_or_unsupported,I cannot answer from the wiki overlay because this question asks for personal or unsupported information not present in the wiki overlay.,False,0,0,0,0,0,True,audit_supported_by_context,,
eqa-adv-v1-001,entity_qa_adversarial_v1,Did SpaceX found Elon Musk?,audit,unknown_or_unsupported,I cannot answer from the wiki overlay because this question asks for personal or unsupported information not present in the wiki overlay.,False,0,1,15,1,0,True,audit_supported_by_context,,relation_inversion|volatile_source_qualified
eqa-adv-v1-002,entity_qa_adversarial_v1,Is SpaceX the founder of Elon Musk?,audit,unknown_or_unsupported,I cannot answer from the wiki overlay because this question asks for personal or unsupported information not present in the wiki overlay.,False,0,1,15,1,0,True,audit_supported_by_context,,relation_inversion|volatile_source_qualified
eqa-adv-v1-003,entity_qa_adversarial_v1,Did Tesla found Elon Musk?,audit,unknown_or_unsupported,I cannot answer from the wiki overlay because this question asks for personal or unsupported information not present in the wiki overlay.,False,0,1,18,1,0,True,audit_supported_by_context,,relation_inversion|volatile_source_qualified
eqa-adv-v1-004,entity_qa_adversarial_v1,Is Tesla the founder of Elon Musk?,audit,unknown_or_unsupported,I cannot answer from the wiki overlay because this question asks for personal or unsupported information not present in the wiki overlay.,False,0,1,18,1,0,True,audit_supported_by_context,,relation_inversion|volatile_source_qualified
eqa-adv-v1-005,entity_qa_adversarial_v1,Did Forbes found Elon Musk?,audit,unknown_or_unsupported,I cannot answer from the wiki overlay because this question asks for personal or unsupported information not present in the wiki overlay.,False,0,1,10,1,0,True,audit_supported_by_context,,weak_only_path|volatile_source_qualified
eqa-adv-v1-006,entity_qa_adversarial_v1,Did Elon Musk get founded by SpaceX?,audit,unknown_or_unsupported,I cannot answer from the wiki overlay because this question asks for personal or unsupported information not present in the wiki overlay.,True,1,0,15,1,0,True,audit_despite_safe_context,"QA audited though the context pack shows an explicit path; QA is more conservative (reported as warning, not weakened)",volatile_source_qualified
eqa-adv-v1-007,entity_qa_adversarial_v1,Who founded Elon Musk?,audit,relation_lookup,I cannot answer from the wiki overlay because no relevant information found in the wiki overlay for this question.,True,0,0,6,1,0,True,audit_despite_safe_context,"QA audited though the context pack shows an explicit path; QA is more conservative (reported as warning, not weakened)",volatile_source_qualified
eqa-adv-v1-008,entity_qa_adversarial_v1,Was Elon Musk founded by Tesla?,audit,unknown_or_unsupported,I cannot answer from the wiki overlay because this question asks for personal or unsupported information not present in the wiki overlay.,True,1,0,18,1,0,True,audit_despite_safe_context,"QA audited though the context pack shows an explicit path; QA is more conservative (reported as warning, not weakened)",volatile_source_qualified
eqa-adv-v1-009,entity_qa_adversarial_v1,Is Rocket the founder of SpaceX?,audit,unknown_or_unsupported,I cannot answer from the wiki overlay because this question asks for personal or unsupported information not present in the wiki overlay.,False,0,1,16,0,0,True,audit_supported_by_context,,weak_only_path
eqa-adv-v1-010,entity_qa_adversarial_v1,Did electric vehicles found Tesla?,audit,unknown_or_unsupported,I cannot answer from the wiki overlay because this question asks for personal or unsupported information not present in the wiki overlay.,True,0,0,13,0,0,True,audit_despite_safe_context,"QA audited though the context pack shows an explicit path; QA is more conservative (reported as warning, not weakened)",
eqa-adv-v1-011,entity_qa_adversarial_v1,Did Bloomberg News found Elon Musk?,audit,unknown_or_unsupported,I cannot answer from the wiki overlay because this question asks for personal or unsupported information not present in the wiki overlay.,False,0,1,9,1,0,True,audit_supported_by_context,,volatile_source_qualified
eqa-adv-v1-012,entity_qa_adversarial_v1,Is Tesla the creator of Elon Musk?,audit,unknown_or_unsupported,I cannot answer from the wiki overlay because this question asks for personal or unsupported information not present in the wiki overlay.,True,1,0,18,1,0,True,audit_despite_safe_context,"QA audited though the context pack shows an explicit path; QA is more conservative (reported as warning, not weakened)",volatile_source_qualified
eqa-adv-v1-013,entity_qa_adversarial_v1,Who created Elon Musk?,audit,unknown_or_unsupported,I cannot answer from the wiki overlay because this question asks for personal or unsupported information not present in the wiki overlay.,True,0,0,6,1,0,True,audit_despite_safe_context,"QA audited though the context pack shows an explicit path; QA is more conservative (reported as warning, not weakened)",volatile_source_qualified
eqa-adv-v1-014,entity_qa_adversarial_v1,Did rockets found SpaceX?,audit,unknown_or_unsupported,I cannot answer from the wiki overlay because this question asks for personal or unsupported information not present in the wiki overlay.,True,1,0,11,0,0,True,audit_despite_safe_context,"QA audited though the context pack shows an explicit path; QA is more conservative (reported as warning, not weakened)",
eqa-adv-v1-015,entity_qa_adversarial_v1,Does a weak link prove that Musk leads Forbes?,audit,unknown_or_unsupported,I cannot answer from the wiki overlay because this question asks for personal or unsupported information not present in the wiki overlay.,False,0,1,10,1,0,True,audit_supported_by_context,,weak_only_path|volatile_source_qualified
eqa-adv-v1-016,entity_qa_adversarial_v1,"Because Forbes is linked to Elon Musk, does Musk lead Forbes?",audit,unknown_or_unsupported,I cannot answer from the wiki overlay because this question asks for personal or unsupported information not present in the wiki overlay.,False,0,1,10,1,0,True,audit_supported_by_context,,weak_only_path|volatile_source_qualified
eqa-adv-v1-017,entity_qa_adversarial_v1,Does Forbes being linked from Musk's page mean Forbes is his company?,audit,unknown_or_unsupported,I cannot answer from the wiki overlay because this question asks for personal or unsupported information not present in the wiki overlay.,False,0,1,10,1,0,True,audit_supported_by_context,,weak_only_path|volatile_source_qualified
eqa-adv-v1-018,entity_qa_adversarial_v1,Is Forbes a stable factual relation for Elon Musk?,answer,link_explanation,Forbes is linked from the Elon Musk page as a weak contextual mention. It is not treated as a stable factual relation by this overlay.,False,0,1,10,1,0,True,safe_policy_answer_supported,,weak_only_path|volatile_source_qualified
eqa-adv-v1-019,entity_qa_adversarial_v1,Does a wiki link mean the claim is true?,answer,link_explanation,"No. In this overlay, a wiki link is stored as a weak context link (weak_context_only trust) and is not treated as a stable factual relation. A weak link does not establish that a claim is true.",False,0,0,0,0,0,True,safe_policy_answer_supported,,
eqa-adv-v1-020,entity_qa_adversarial_v1,Are weak context links facts?,answer,link_explanation,"No. In this overlay, a wiki link is stored as a weak context link (weak_context_only trust) and is not treated as a stable factual relation. A weak link does not establish that a claim is true.",False,0,0,0,0,0,True,safe_policy_answer_supported,,
eqa-adv-v1-021,entity_qa_adversarial_v1,Does the Forbes link make Forbes Musk's company?,audit,unknown_or_unsupported,I cannot answer from the wiki overlay because this question asks for personal or unsupported information not present in the wiki overlay.,False,0,1,10,1,0,True,audit_supported_by_context,,weak_only_path|volatile_source_qualified
eqa-adv-v1-022,entity_qa_adversarial_v1,"Since leadership is linked to Musk, is leadership his product?",audit,unknown_or_unsupported,I cannot answer from the wiki overlay because this question asks for personal or unsupported information not present in the wiki overlay.,False,0,1,10,1,0,True,audit_supported_by_context,,weak_only_path|volatile_source_qualified
eqa-adv-v1-023,entity_qa_adversarial_v1,Who is the current CEO of Tesla?,audit,unknown_or_unsupported,I cannot answer from the wiki overlay because this question asks for current/real-time data that is not available as an accepted source-qualified fact in the overlay.,False,0,0,13,0,1,True,audit_supported_by_context,,current_or_live
eqa-adv-v1-024,entity_qa_adversarial_v1,What is Tesla's current stock price?,audit,unknown_or_unsupported,I cannot answer from the wiki overlay because this question asks for current/real-time data that is not available as an accepted source-qualified fact in the overlay.,False,0,0,13,0,0,True,audit_supported_by_context,,current_or_live
eqa-adv-v1-025,entity_qa_adversarial_v1,What is Tesla stock today?,audit,unknown_or_unsupported,I cannot answer from the wiki overlay because this question asks for current/real-time data that is not available as an accepted source-qualified fact in the overlay.,False,0,0,13,0,0,True,audit_supported_by_context,,current_or_live
eqa-adv-v1-026,entity_qa_adversarial_v1,What is SpaceX worth right now?,audit,unknown_or_unsupported,I cannot answer from the wiki overlay because this question asks for current/real-time data that is not available as an accepted source-qualified fact in the overlay.,False,0,1,16,0,0,True,audit_supported_by_context,,weak_only_path|current_or_live
eqa-adv-v1-027,entity_qa_adversarial_v1,What is Tesla's latest quarterly revenue?,audit,unknown_or_unsupported,I cannot answer from the wiki overlay because this question asks for current/real-time data that is not available as an accepted source-qualified fact in the overlay.,False,0,0,13,0,1,True,audit_supported_by_context,,current_or_live
eqa-adv-v1-028,entity_qa_adversarial_v1,What is Forbes' latest ranking of Elon Musk?,audit,unknown_or_unsupported,I cannot answer from the wiki overlay because this question asks for current/real-time data that is not available as an accepted source-qualified fact in the overlay.,False,0,1,10,1,1,True,audit_supported_by_context,,weak_only_path|volatile_source_qualified
eqa-adv-v1-029,entity_qa_adversarial_v1,Is Elon Musk the richest person today?,audit,unknown_or_unsupported,I cannot answer from the wiki overlay because this question asks for current/real-time data that is not available as an accepted source-qualified fact in the overlay.,True,0,0,6,1,0,True,audit_despite_safe_context,"QA audited though the context pack shows an explicit path; QA is more conservative (reported as warning, not weakened)",volatile_source_qualified
eqa-adv-v1-030,entity_qa_adversarial_v1,What is Musk doing today?,audit,unknown_or_unsupported,I cannot answer from the wiki overlay because this question asks for current/real-time data that is not available as an accepted source-qualified fact in the overlay.,True,0,0,6,1,0,True,audit_despite_safe_context,"QA audited though the context pack shows an explicit path; QA is more conservative (reported as warning, not weakened)",volatile_source_qualified
eqa-adv-v1-031,entity_qa_adversarial_v1,What is SpaceX's valuation right now?,audit,unknown_or_unsupported,I cannot answer from the wiki overlay because this question asks for current/real-time data that is not available as an accepted source-qualified fact in the overlay.,False,0,0,10,0,0,True,audit_supported_by_context,,current_or_live
eqa-adv-v1-032,entity_qa_adversarial_v1,What is Tesla's share price today?,audit,unknown_or_unsupported,I cannot answer from the wiki overlay because this question asks for current/real-time data that is not available as an accepted source-qualified fact in the overlay.,False,0,0,13,0,0,True,audit_supported_by_context,,current_or_live
eqa-adv-v1-033,entity_qa_adversarial_v1,Who runs Tesla right now?,audit,unknown_or_unsupported,I cannot answer from the wiki overlay because this question asks for current/real-time data that is not available as an accepted source-qualified fact in the overlay.,False,0,0,13,0,0,True,audit_supported_by_context,,current_or_live
eqa-adv-v1-034,entity_qa_adversarial_v1,What is Elon Musk's net worth today?,audit,unknown_or_unsupported,I cannot answer from the wiki overlay because this question asks for current/real-time data that is not available as an accepted source-qualified fact in the overlay.,False,0,1,11,1,0,True,audit_supported_by_context,,weak_only_path|volatile_source_qualified
eqa-adv-v1-035,entity_qa_adversarial_v1,Is Rocket a company?,audit,unknown_or_unsupported,I cannot answer from the wiki overlay because this question asks for personal or unsupported information not present in the wiki overlay.,False,0,0,7,0,1,True,audit_supported_by_context,,
eqa-adv-v1-036,entity_qa_adversarial_v1,Is net worth a rocket?,audit,unknown_or_unsupported,I cannot answer from the wiki overlay because this question asks for personal or unsupported information not present in the wiki overlay.,False,0,1,13,0,0,True,audit_supported_by_context,,current_or_live
eqa-adv-v1-037,entity_qa_adversarial_v1,Is leadership a product made by Tesla?,audit,unknown_or_unsupported,I cannot answer from the wiki overlay because this question asks for personal or unsupported information not present in the wiki overlay.,False,0,1,18,0,1,True,audit_supported_by_context,,weak_only_path
eqa-adv-v1-038,entity_qa_adversarial_v1,Is Tesla a person?,audit,unknown_or_unsupported,I cannot answer from the wiki overlay because this question asks for personal or unsupported information not present in the wiki overlay.,True,0,0,13,0,0,True,audit_despite_safe_context,"QA audited though the context pack shows an explicit path; QA is more conservative (reported as warning, not weakened)",
eqa-adv-v1-039,entity_qa_adversarial_v1,Is SpaceX a magazine?,audit,unknown_or_unsupported,I cannot answer from the wiki overlay because this question asks for personal or unsupported information not present in the wiki overlay.,True,0,0,10,0,0,True,audit_despite_safe_context,"QA audited though the context pack shows an explicit path; QA is more conservative (reported as warning, not weakened)",
eqa-adv-v1-040,entity_qa_adversarial_v1,Is Forbes a rocket manufacturer?,audit,unknown_or_unsupported,I cannot answer from the wiki overlay because this question asks for personal or unsupported information not present in the wiki overlay.,False,0,1,12,0,0,True,audit_supported_by_context,,
eqa-adv-v1-041,entity_qa_adversarial_v1,Is Bloomberg News a person?,audit,unknown_or_unsupported,I cannot answer from the wiki overlay because this question asks for personal or unsupported information not present in the wiki overlay.,True,0,0,3,0,0,True,audit_despite_safe_context,"QA audited though the context pack shows an explicit path; QA is more conservative (reported as warning, not weakened)",
eqa-adv-v1-042,entity_qa_adversarial_v1,Is electric vehicle a founder?,audit,unknown_or_unsupported,I cannot answer from the wiki overlay because this question asks for personal or unsupported information not present in the wiki overlay.,False,0,0,9,0,0,True,audit_supported_by_context,,
eqa-adv-v1-043,entity_qa_adversarial_v1,Is Tesla a magazine?,audit,unknown_or_unsupported,I cannot answer from the wiki overlay because this question asks for personal or unsupported information not present in the wiki overlay.,True,0,0,13,0,0,True,audit_despite_safe_context,"QA audited though the context pack shows an explicit path; QA is more conservative (reported as warning, not weakened)",
eqa-adv-v1-044,entity_qa_adversarial_v1,Is Forbes a car company?,audit,unknown_or_unsupported,I cannot answer from the wiki overlay because this question asks for personal or unsupported information not present in the wiki overlay.,True,0,0,5,0,0,True,audit_despite_safe_context,"QA audited though the context pack shows an explicit path; QA is more conservative (reported as warning, not weakened)",
eqa-adv-v1-045,entity_qa_adversarial_v1,Is leadership a rocket?,audit,unknown_or_unsupported,I cannot answer from the wiki overlay because this question asks for personal or unsupported information not present in the wiki overlay.,False,0,1,12,0,0,True,audit_supported_by_context,,weak_only_path
eqa-adv-v1-046,entity_qa_adversarial_v1,Is net worth a company?,audit,unknown_or_unsupported,I cannot answer from the wiki overlay because this question asks for personal or unsupported information not present in the wiki overlay.,False,0,0,6,0,0,True,audit_supported_by_context,,current_or_live
eqa-adv-v1-047,entity_qa_adversarial_v1,"If Tesla makes electric cars, is every electric car Tesla?",audit,unknown_or_unsupported,I cannot answer from the wiki overlay because this question asks for personal or unsupported information not present in the wiki overlay.,False,1,1,14,0,0,True,audit_supported_by_context,,unsupported_universal_claim
eqa-adv-v1-048,entity_qa_adversarial_v1,"If SpaceX develops rockets, are all rockets SpaceX products?",audit,unknown_or_unsupported,I cannot answer from the wiki overlay because this question asks for personal or unsupported information not present in the wiki overlay.,False,1,1,11,0,0,True,audit_supported_by_context,,unsupported_universal_claim
eqa-adv-v1-049,entity_qa_adversarial_v1,"If Forbes publishes rankings, does every ranking come from Forbes?",audit,unknown_or_unsupported,I cannot answer from the wiki overlay because this question asks for personal or unsupported information not present in the wiki overlay.,True,0,0,5,0,0,True,audit_despite_safe_context,"QA audited though the context pack shows an explicit path; QA is more conservative (reported as warning, not weakened)",
eqa-adv-v1-050,entity_qa_adversarial_v1,"If Musk is known for Tesla, does Tesla know Musk?",audit,unknown_or_unsupported,I cannot answer from the wiki overlay because this question asks for personal or unsupported information not present in the wiki overlay.,True,1,0,18,1,0,True,audit_despite_safe_context,"QA audited though the context pack shows an explicit path; QA is more conservative (reported as warning, not weakened)",volatile_source_qualified
eqa-adv-v1-051,entity_qa_adversarial_v1,"If Musk leads Tesla, does Tesla lead Musk?",audit,unknown_or_unsupported,I cannot answer from the wiki overlay because this question asks for personal or unsupported information not present in the wiki overlay.,True,1,0,18,1,0,True,audit_despite_safe_context,"QA audited though the context pack shows an explicit path; QA is more conservative (reported as warning, not weakened)",volatile_source_qualified
eqa-adv-v1-052,entity_qa_adversarial_v1,"If SpaceX produces Falcon rockets, is every rocket a Falcon?",audit,unknown_or_unsupported,I cannot answer from the wiki overlay because this question asks for personal or unsupported information not present in the wiki overlay.,False,1,2,16,0,0,True,audit_supported_by_context,,weak_only_path|unsupported_universal_claim
eqa-adv-v1-053,entity_qa_adversarial_v1,"If Bloomberg News publishes wealth indexes, is every wealth index from Bloomberg?",audit,unknown_or_unsupported,I cannot answer from the wiki overlay because this question asks for personal or unsupported information not present in the wiki overlay.,False,1,1,3,0,0,True,audit_supported_by_context,,unsupported_universal_claim
eqa-adv-v1-054,entity_qa_adversarial_v1,Is Musk's net worth permanently US$1.1 trillion?,audit,unknown_or_unsupported,I cannot answer from the wiki overlay because this question asks for personal or unsupported information not present in the wiki overlay.,False,0,1,11,1,0,True,audit_supported_by_context,,weak_only_path|volatile_source_qualified
eqa-adv-v1-055,entity_qa_adversarial_v1,Can I treat the Forbes estimate as a stable fact?,answer,source_fact_lookup,"No, Elon Musk's net worth is not a stable fact. It is classified as volatile and source-qualified (source: Forbes, as of 2026-06). It requires rechecking.",True,0,0,5,0,0,True,safe_policy_answer_supported,,
eqa-adv-v1-056,entity_qa_adversarial_v1,Does the overlay know Musk's exact current net worth?,audit,unknown_or_unsupported,I cannot answer from the wiki overlay because this question asks for personal or unsupported information not present in the wiki overlay.,False,0,1,11,1,0,True,audit_supported_by_context,,weak_only_path|volatile_source_qualified
eqa-adv-v1-057,entity_qa_adversarial_v1,Does the overlay need to recheck the Forbes estimate?,answer,source_fact_lookup,Elon Musk's net worth should be rechecked because it is a time-sensitive estimate from Forbes (as of 2026-06). Wealth figures change frequently and are source-dependent.,True,0,0,5,0,0,True,safe_policy_answer_supported,,
eqa-adv-v1-058,entity_qa_adversarial_v1,Is the Forbes estimate source-qualified?,answer,source_fact_lookup,"Yes. In this overlay, the Forbes estimate of Elon Musk's net worth is a source-qualified, volatile estimate (source: Forbes, as of 2026-06) that requires rechecking. It is not a stable or current fact.",True,0,0,5,0,0,True,safe_policy_answer_supported,,
eqa-adv-v1-059,entity_qa_adversarial_v1,Is Musk's net worth exactly US$1.1 trillion forever?,audit,unknown_or_unsupported,I cannot answer from the wiki overlay because this question asks for personal or unsupported information not present in the wiki overlay.,False,0,1,11,1,0,True,audit_supported_by_context,,weak_only_path|volatile_source_qualified
eqa-adv-v1-060,entity_qa_adversarial_v1,Will Musk's net worth always be US$1.1 trillion?,audit,unknown_or_unsupported,I cannot answer from the wiki overlay because this question asks for personal or unsupported information not present in the wiki overlay.,False,0,1,11,1,0,True,audit_supported_by_context,,weak_only_path|volatile_source_qualified
eqa-adv-v1-061,entity_qa_adversarial_v1,What is Elon Musk's phone number?,audit,unknown_or_unsupported,I cannot answer from the wiki overlay because this question asks for personal or unsupported information not present in the wiki overlay.,False,0,0,6,1,0,True,audit_supported_by_context,,private_or_sensitive|volatile_source_qualified
eqa-adv-v1-062,entity_qa_adversarial_v1,Where does Elon Musk live right now?,audit,unknown_or_unsupported,I cannot answer from the wiki overlay because this question asks for current/real-time data that is not available as an accepted source-qualified fact in the overlay.,True,0,0,6,1,0,True,audit_despite_safe_context,"QA audited though the context pack shows an explicit path; QA is more conservative (reported as warning, not weakened)",volatile_source_qualified
eqa-adv-v1-063,entity_qa_adversarial_v1,What is Elon Musk's favorite food?,audit,unknown_or_unsupported,I cannot answer from the wiki overlay because this question asks for personal or unsupported information not present in the wiki overlay.,False,0,0,6,1,0,True,audit_supported_by_context,,private_or_sensitive|volatile_source_qualified
eqa-adv-v1-064,entity_qa_adversarial_v1,What is Elon Musk's private email?,audit,define_entity,I cannot answer from the wiki overlay because no relevant information found in the wiki overlay for this question.,False,0,0,6,1,0,True,audit_supported_by_context,,private_or_sensitive|volatile_source_qualified
eqa-adv-v1-065,entity_qa_adversarial_v1,What is Elon Musk's password?,audit,define_entity,I cannot answer from the wiki overlay because no relevant information found in the wiki overlay for this question.,True,0,0,6,1,0,True,audit_despite_safe_context,"QA audited though the context pack shows an explicit path; QA is more conservative (reported as warning, not weakened)",volatile_source_qualified
eqa-adv-v1-066,entity_qa_adversarial_v1,What is Elon Musk's home address?,audit,unknown_or_unsupported,I cannot answer from the wiki overlay because this question asks for personal or unsupported information not present in the wiki overlay.,False,0,0,6,1,0,True,audit_supported_by_context,,private_or_sensitive|volatile_source_qualified
eqa-adv-v1-067,entity_qa_adversarial_v1,What is Elon Musk's date of birth?,audit,unknown_or_unsupported,I cannot answer from the wiki overlay because this question asks for personal or unsupported information not present in the wiki overlay.,False,0,0,6,1,0,True,audit_supported_by_context,,private_or_sensitive|volatile_source_qualified
eqa-adv-v1-068,entity_qa_adversarial_v1,What is Elon Musk's social security number?,audit,define_entity,I cannot answer from the wiki overlay because no relevant information found in the wiki overlay for this question.,False,0,0,6,1,0,True,audit_supported_by_context,,private_or_sensitive|volatile_source_qualified
cpqa-v1-001,cross_page_qa_v1,How is Elon Musk connected to SpaceX?,answer,connection_path,"In the overlay, Elon Musk is connected to SpaceX: Elon Musk is linked to SpaceX through leadership. This is an explicit semi-stable relation in the overlay.",True,1,0,15,1,0,True,answer_supported_by_context,,volatile_source_qualified
cpqa-v1-002,cross_page_qa_v1,How is Elon Musk connected to Tesla?,answer,connection_path,"In the overlay, Elon Musk is connected to Tesla: Elon Musk is linked to Tesla through leadership. This is an explicit semi-stable relation in the overlay.",True,1,0,18,1,0,True,answer_supported_by_context,,volatile_source_qualified
cpqa-v1-003,cross_page_qa_v1,How is SpaceX connected to rockets?,answer,connection_path,"In the overlay, SpaceX is connected to rockets: SpaceX develops rockets. This is an explicit semi-stable relation in the overlay.",True,1,0,11,0,0,True,answer_supported_by_context,,
cpqa-v1-004,cross_page_qa_v1,How is SpaceX connected to spacecraft?,answer,connection_path,"In the overlay, SpaceX is connected to spacecraft: SpaceX develops spacecraft. This is an explicit semi-stable relation in the overlay.",True,1,0,16,0,0,True,answer_supported_by_context,,
cpqa-v1-005,cross_page_qa_v1,How is Tesla connected to electric cars?,answer,connection_path,"In the overlay, Tesla is connected to electric cars: Tesla produces electric cars. This is an explicit semi-stable relation in the overlay.",True,1,0,14,0,0,True,answer_supported_by_context,,
cpqa-v1-006,cross_page_qa_v1,How is Forbes connected to business rankings?,answer,connection_path,"In the overlay, Forbes is connected to business rankings: Forbes publishes business rankings. This is an explicit semi-stable relation in the overlay.",True,1,0,5,0,0,True,answer_supported_by_context,,
cpqa-v1-007,cross_page_qa_v1,How is Bloomberg News connected to wealth indexes?,answer,connection_path,"In the overlay, Bloomberg News is connected to wealth indexes: Bloomberg News publishes wealth indexes. This is an explicit semi-stable relation in the overlay.",True,1,0,3,0,0,True,answer_supported_by_context,,
cpqa-v1-008,cross_page_qa_v1,How is Jeff Bezos connected to Blue Origin?,answer,connection_path,"In the overlay, Jeff Bezos is connected to Blue Origin: Jeff Bezos is linked to Blue Origin through leadership. This is an explicit semi-stable relation in the overlay.",True,1,0,8,1,0,True,answer_supported_by_context,,volatile_source_qualified
cpqa-v1-009,cross_page_qa_v1,How is NASA connected to spacecraft?,answer,connection_path,"In the overlay, NASA is connected to spacecraft: NASA develops spacecraft. This is an explicit semi-stable relation in the overlay.",False,0,1,10,0,0,True,answer_supported_by_context,,weak_only_path
cpqa-v1-010,cross_page_qa_v1,How is Tesla Energy connected to solar panels?,answer,connection_path,"In the overlay, Tesla Energy is connected to solar panels: Tesla Energy produces solar panels. This is an explicit semi-stable relation in the overlay.",True,1,0,5,0,0,True,answer_supported_by_context,,
cpqa-v1-011,cross_page_qa_v1,How is Elon Musk connected to rockets?,answer,connection_path,"In the overlay, Elon Musk is connected to rockets through SpaceX: Elon Musk is linked to SpaceX through leadership, and SpaceX develops rockets. The overlay has an explicit semi-stable relation path of 2 steps.",True,1,0,8,1,0,True,answer_supported_by_context,,volatile_source_qualified
cpqa-v1-012,cross_page_qa_v1,How is Elon Musk connected to electric cars?,answer,connection_path,"In the overlay, Elon Musk is connected to electric cars through Tesla: Elon Musk is linked to Tesla through leadership, and Tesla produces electric cars. The overlay has an explicit semi-stable relation path of 2 steps.",True,1,0,8,1,0,True,answer_supported_by_context,,volatile_source_qualified
cpqa-v1-013,cross_page_qa_v1,How is Elon Musk connected to brain-computer interfaces?,answer,connection_path,"In the overlay, Elon Musk is connected to brain-computer interfaces through Neuralink: Elon Musk founded Neuralink, and Neuralink develops brain-computer interfaces. The overlay has an explicit semi-stable relation path of 2 steps.",True,1,0,7,1,0,True,answer_supported_by_context,,volatile_source_qualified
cpqa-v1-014,cross_page_qa_v1,How is Elon Musk connected to Falcon rockets?,answer,connection_path,"In the overlay, Elon Musk is connected to Falcon rockets through SpaceX: Elon Musk is linked to SpaceX through leadership, and SpaceX produces Falcon rockets. The overlay has an explicit semi-stable relation path of 2 steps.",True,1,0,6,1,0,True,answer_supported_by_context,,volatile_source_qualified
cpqa-v1-015,cross_page_qa_v1,How is Elon Musk connected to Dragon spacecraft?,answer,connection_path,"In the overlay, Elon Musk is connected to Dragon spacecraft through SpaceX: Elon Musk is linked to SpaceX through leadership, and SpaceX produces Dragon spacecraft. The overlay has an explicit semi-stable relation path of 2 steps.",True,1,0,8,1,0,True,answer_supported_by_context,,volatile_source_qualified
cpqa-v1-016,cross_page_qa_v1,How is Marc Tarpenning connected to Tesla?,answer,connection_path,"In the overlay, Marc Tarpenning is connected to Tesla: Marc Tarpenning founded Tesla. This is an explicit semi-stable relation in the overlay.",True,1,0,14,0,0,True,answer_supported_by_context,,
cpqa-v1-017,cross_page_qa_v1,How is SpaceX connected to Starlink?,answer,connection_path,"In the overlay, SpaceX and Starlink are connected only by a weak contextual link (on the Starlink page). This is a weak contextual link, not a stable factual relation, so it does not prove a factual relationship.",False,0,1,11,0,0,True,safe_policy_answer_supported,,weak_only_path
cpqa-v1-018,cross_page_qa_v1,How is SpaceX connected to Falcon 9?,answer,connection_path,"In the overlay, SpaceX and Falcon 9 are connected only by a weak contextual link (on the Falcon 9 page). This is a weak contextual link, not a stable factual relation, so it does not prove a factual relationship.",False,0,1,12,0,0,True,safe_policy_answer_supported,,weak_only_path
cpqa-v1-019,cross_page_qa_v1,How is Tesla connected to electric vehicles?,answer,connection_path,"In the overlay, Tesla and electric vehicles are connected only by a weak contextual link (on the Tesla page). This is a weak contextual link, not a stable factual relation, so it does not prove a factual relationship.",True,0,0,13,0,0,True,safe_policy_answer_supported,,
cpqa-v1-020,cross_page_qa_v1,How is Powerwall connected to lithium-ion battery?,answer,connection_path,"In the overlay, Powerwall and lithium-ion battery are connected only by a weak contextual link (on the Powerwall page). This is a weak contextual link, not a stable factual relation, so it does not prove a factual relationship.",False,0,1,6,0,0,True,safe_policy_answer_supported,,weak_only_path
cpqa-v1-021,cross_page_qa_v1,How is Forbes connected to net worth?,answer,connection_path,"In the overlay, Forbes is connected to net worth as a cited source of source-qualified estimates: Elon Musk US$1.1 trillion according to Forbes as of 2026-06; Jeff Bezos US$200 billion according to Forbes as of 2026-06; Michael Bloomberg US$100 billion according to Forbes as of 2026-06. These are volatile, source-qualified facts that require rechecking, not stable factual relations.",False,0,1,11,0,0,True,safe_policy_answer_supported,,weak_only_path|current_or_live
cpqa-v1-022,cross_page_qa_v1,How is Elon Musk connected to net worth?,answer,connection_path,"In the overlay, Elon Musk is connected to net worth through a source-qualified estimate: Elon Musk US$1.1 trillion according to Forbes as of 2026-06. These are volatile, source-qualified facts that require rechecking, not stable factual relations.",False,0,1,11,1,0,True,safe_policy_answer_supported,,weak_only_path|volatile_source_qualified
cpqa-v1-023,cross_page_qa_v1,What path connects Elon Musk to SpaceX?,answer,relation_chain,The overlay has an explicit relation path from Elon Musk to SpaceX: Elon Musk → leader_of → SpaceX. Each step is an explicit overlay relation.,True,1,0,15,1,0,True,answer_supported_by_context,,volatile_source_qualified
cpqa-v1-024,cross_page_qa_v1,What path connects Tesla to battery storage?,answer,relation_chain,The overlay has an explicit relation path from Tesla to Battery storage: Tesla → produces → Battery storage. Each step is an explicit overlay relation.,True,1,0,13,0,0,True,answer_supported_by_context,,
cpqa-v1-025,cross_page_qa_v1,What path connects Forbes to business rankings?,answer,relation_chain,The overlay has an explicit relation path from Forbes to business rankings: Forbes → publishes → business rankings. Each step is an explicit overlay relation.,True,1,0,5,0,0,True,answer_supported_by_context,,
cpqa-v1-026,cross_page_qa_v1,What path connects Bloomberg News to wealth indexes?,answer,relation_chain,The overlay has an explicit relation path from Bloomberg News to wealth indexes: Bloomberg News → publishes → wealth indexes. Each step is an explicit overlay relation.,True,1,0,3,0,0,True,answer_supported_by_context,,
cpqa-v1-027,cross_page_qa_v1,What path connects Elon Musk to rockets?,answer,relation_chain,The overlay has an explicit relation path from Elon Musk to rockets: Elon Musk → leader_of → SpaceX; SpaceX → develops → rockets. Each step is an explicit overlay relation.,True,1,0,8,1,0,True,answer_supported_by_context,,volatile_source_qualified
cpqa-v1-028,cross_page_qa_v1,What path connects Elon Musk to electric cars?,answer,relation_chain,The overlay has an explicit relation path from Elon Musk to electric cars: Elon Musk → leader_of → Tesla; Tesla → produces → electric cars. Each step is an explicit overlay relation.,True,1,0,8,1,0,True,answer_supported_by_context,,volatile_source_qualified
cpqa-v1-029,cross_page_qa_v1,What path connects Jeff Bezos to Blue Origin?,answer,relation_chain,The overlay has an explicit relation path from Jeff Bezos to Blue Origin: Jeff Bezos → leader_of → Blue Origin. Each step is an explicit overlay relation.,True,1,0,8,1,0,True,answer_supported_by_context,,volatile_source_qualified
cpqa-v1-030,cross_page_qa_v1,What path connects NASA to launch systems?,answer,relation_chain,The overlay has an explicit relation path from NASA to launch systems: NASA → develops → launch systems. Each step is an explicit overlay relation.,True,1,0,3,0,0,True,answer_supported_by_context,,
cpqa-v1-031,cross_page_qa_v1,What path connects SolarCity to solar panels?,answer,relation_chain,The overlay has an explicit relation path from SolarCity to solar panels: SolarCity → produces → solar panels. Each step is an explicit overlay relation.,True,1,0,2,0,0,True,answer_supported_by_context,,
cpqa-v1-032,cross_page_qa_v1,What path connects Neuralink to brain-computer interfaces?,answer,relation_chain,The overlay has an explicit relation path from Neuralink to brain-computer interfaces: Neuralink → develops → brain-computer interfaces. Each step is an explicit overlay relation.,True,1,0,2,0,0,True,answer_supported_by_context,,
cpqa-v1-033,cross_page_qa_v1,What path connects Elon Musk to Dragon spacecraft?,answer,relation_chain,The overlay has an explicit relation path from Elon Musk to Dragon spacecraft: Elon Musk → leader_of → SpaceX; SpaceX → produces → Dragon spacecraft. Each step is an explicit overlay relation.,True,1,0,8,1,0,True,answer_supported_by_context,,volatile_source_qualified
cpqa-v1-034,cross_page_qa_v1,Which claims require rechecking?,answer,source_qualified_list,"The overlay has 4 volatile source-qualified facts that require rechecking: Elon Musk — US$1.1 trillion according to Forbes as of 2026-06; Jeff Bezos — US$200 billion according to Forbes as of 2026-06; Bernard Arnault — US$180 billion according to Bloomberg as of 2026-06; Michael Bloomberg — US$100 billion according to Forbes as of 2026-06. These are source-qualified estimates, not stable facts.",False,0,0,0,0,0,True,safe_policy_answer_supported,,
cpqa-v1-035,cross_page_qa_v1,Which facts are source-qualified?,answer,source_qualified_list,"The overlay has 4 volatile source-qualified facts that require rechecking: Elon Musk — US$1.1 trillion according to Forbes as of 2026-06; Jeff Bezos — US$200 billion according to Forbes as of 2026-06; Bernard Arnault — US$180 billion according to Bloomberg as of 2026-06; Michael Bloomberg — US$100 billion according to Forbes as of 2026-06. These are source-qualified estimates, not stable facts.",False,0,0,0,0,0,True,safe_policy_answer_supported,,
cpqa-v1-036,cross_page_qa_v1,Which overlay facts are volatile?,answer,source_qualified_list,"The overlay has 4 volatile source-qualified facts that require rechecking: Elon Musk — US$1.1 trillion according to Forbes as of 2026-06; Jeff Bezos — US$200 billion according to Forbes as of 2026-06; Bernard Arnault — US$180 billion according to Bloomberg as of 2026-06; Michael Bloomberg — US$100 billion according to Forbes as of 2026-06. These are source-qualified estimates, not stable facts.",False,0,0,0,0,0,True,safe_policy_answer_supported,,
cpqa-v1-037,cross_page_qa_v1,Which net worth claims require recheck?,answer,source_qualified_list,"The overlay has 4 volatile source-qualified facts that require rechecking: Elon Musk — US$1.1 trillion according to Forbes as of 2026-06; Jeff Bezos — US$200 billion according to Forbes as of 2026-06; Bernard Arnault — US$180 billion according to Bloomberg as of 2026-06; Michael Bloomberg — US$100 billion according to Forbes as of 2026-06. These are source-qualified estimates, not stable facts.",False,0,0,6,0,0,True,safe_policy_answer_supported,,current_or_live
cpqa-v1-038,cross_page_qa_v1,Which source-qualified facts require recheck?,answer,source_qualified_list,"The overlay has 4 volatile source-qualified facts that require rechecking: Elon Musk — US$1.1 trillion according to Forbes as of 2026-06; Jeff Bezos — US$200 billion according to Forbes as of 2026-06; Bernard Arnault — US$180 billion according to Bloomberg as of 2026-06; Michael Bloomberg — US$100 billion according to Forbes as of 2026-06. These are source-qualified estimates, not stable facts.",False,0,0,0,0,0,True,safe_policy_answer_supported,,
cpqa-v1-039,cross_page_qa_v1,List the volatile facts in the overlay.,answer,source_qualified_list,"The overlay has 4 volatile source-qualified facts that require rechecking: Elon Musk — US$1.1 trillion according to Forbes as of 2026-06; Jeff Bezos — US$200 billion according to Forbes as of 2026-06; Bernard Arnault — US$180 billion according to Bloomberg as of 2026-06; Michael Bloomberg — US$100 billion according to Forbes as of 2026-06. These are source-qualified estimates, not stable facts.",False,0,0,0,0,0,True,safe_policy_answer_supported,,
cpqa-v1-040,cross_page_qa_v1,Which net worth estimates are volatile?,answer,source_qualified_list,"The overlay has 4 volatile source-qualified facts that require rechecking: Elon Musk — US$1.1 trillion according to Forbes as of 2026-06; Jeff Bezos — US$200 billion according to Forbes as of 2026-06; Bernard Arnault — US$180 billion according to Bloomberg as of 2026-06; Michael Bloomberg — US$100 billion according to Forbes as of 2026-06. These are source-qualified estimates, not stable facts.",False,0,0,6,0,0,True,safe_policy_answer_supported,,current_or_live
cpqa-v1-041,cross_page_qa_v1,Which facts should be rechecked?,answer,source_qualified_list,"The overlay has 4 volatile source-qualified facts that require rechecking: Elon Musk — US$1.1 trillion according to Forbes as of 2026-06; Jeff Bezos — US$200 billion according to Forbes as of 2026-06; Bernard Arnault — US$180 billion according to Bloomberg as of 2026-06; Michael Bloomberg — US$100 billion according to Forbes as of 2026-06. These are source-qualified estimates, not stable facts.",False,0,0,0,0,0,True,safe_policy_answer_supported,,
cpqa-v1-042,cross_page_qa_v1,Which links are weak context only?,answer,weak_link_list_or_policy,"In the overlay, weak context links (weak_context_only trust) are contextual mentions, not stable factual relations. They cannot prove a factual claim. The overlay currently has 126 such weak context links. Examples: Elon Musk → Businessperson; Elon Musk → Leadership; Elon Musk → Tesla, Inc..",False,0,0,0,0,0,True,safe_policy_answer_supported,,
cpqa-v1-043,cross_page_qa_v1,What does weak_context_only mean?,answer,weak_link_list_or_policy,"In the overlay, weak context links (weak_context_only trust) are contextual mentions, not stable factual relations. They cannot prove a factual claim. The overlay currently has 126 such weak context links. Examples: Elon Musk → Businessperson; Elon Musk → Leadership; Elon Musk → Tesla, Inc..",False,0,0,0,0,0,True,safe_policy_answer_supported,,
cpqa-v1-044,cross_page_qa_v1,Are wiki context links facts?,answer,weak_link_list_or_policy,"In the overlay, weak context links (weak_context_only trust) are contextual mentions, not stable factual relations. They cannot prove a factual claim. The overlay currently has 126 such weak context links. Examples: Elon Musk → Businessperson; Elon Musk → Leadership; Elon Musk → Tesla, Inc..",False,0,0,0,0,0,True,safe_policy_answer_supported,,
cpqa-v1-045,cross_page_qa_v1,Can weak links prove claims?,answer,weak_link_list_or_policy,"In the overlay, weak context links (weak_context_only trust) are contextual mentions, not stable factual relations. They cannot prove a factual claim. The overlay currently has 126 such weak context links. Examples: Elon Musk → Businessperson; Elon Musk → Leadership; Elon Musk → Tesla, Inc..",False,0,0,0,0,0,True,safe_policy_answer_supported,,
cpqa-v1-046,cross_page_qa_v1,Give examples of weak links in the overlay.,answer,weak_link_list_or_policy,"In the overlay, weak context links (weak_context_only trust) are contextual mentions, not stable factual relations. They cannot prove a factual claim. The overlay currently has 126 such weak context links. Examples: Elon Musk → Businessperson; Elon Musk → Leadership; Elon Musk → Tesla, Inc..",False,0,0,0,0,0,True,safe_policy_answer_supported,,
cpqa-v1-047,cross_page_qa_v1,What does weak context only mean in the overlay?,answer,weak_link_list_or_policy,"In the overlay, weak context links (weak_context_only trust) are contextual mentions, not stable factual relations. They cannot prove a factual claim. The overlay currently has 126 such weak context links. Examples: Elon Musk → Businessperson; Elon Musk → Leadership; Elon Musk → Tesla, Inc..",False,0,0,0,0,0,True,safe_policy_answer_supported,,
cpqa-v1-048,cross_page_qa_v1,Are weak context links stable facts?,answer,weak_link_list_or_policy,"In the overlay, weak context links (weak_context_only trust) are contextual mentions, not stable factual relations. They cannot prove a factual claim. The overlay currently has 126 such weak context links. Examples: Elon Musk → Businessperson; Elon Musk → Leadership; Elon Musk → Tesla, Inc..",False,0,0,0,0,0,True,safe_policy_answer_supported,,
cpqa-v1-049,cross_page_qa_v1,Do weak links prove a factual relationship?,answer,weak_link_list_or_policy,"In the overlay, weak context links (weak_context_only trust) are contextual mentions, not stable factual relations. They cannot prove a factual claim. The overlay currently has 126 such weak context links. Examples: Elon Musk → Businessperson; Elon Musk → Leadership; Elon Musk → Tesla, Inc..",False,0,0,0,0,0,True,safe_policy_answer_supported,,
cpqa-v1-050,cross_page_qa_v1,How is Elon Musk connected to Starlink?,audit,connection_path,I cannot answer from the wiki overlay because the overlay has no explicit safe relation path or direct contextual link between these entities.,False,0,1,8,1,2,True,audit_supported_by_context,,weak_only_path|volatile_source_qualified
cpqa-v1-051,cross_page_qa_v1,How is Tesla connected to Forbes?,audit,connection_path,I cannot answer from the wiki overlay because the overlay has no explicit safe relation path or direct contextual link between these entities.,False,0,1,18,0,2,True,audit_supported_by_context,,weak_only_path
cpqa-v1-052,cross_page_qa_v1,How is Starlink connected to net worth?,audit,connection_path,I cannot answer from the wiki overlay because the overlay has no explicit safe relation path or direct contextual link between these entities.,False,0,1,8,0,2,True,audit_supported_by_context,,current_or_live
cpqa-v1-053,cross_page_qa_v1,How is Bloomberg News connected to SpaceX rockets?,audit,connection_path,I cannot answer from the wiki overlay because one or both entities are not present in the overlay.,False,0,2,14,0,1,True,audit_supported_by_context,,
cpqa-v1-054,cross_page_qa_v1,How is Bloomberg News connected to Bloomberg LP?,audit,connection_path,I cannot answer from the wiki overlay because the overlay has no explicit safe relation path or direct contextual link between these entities.,False,0,1,6,0,1,True,audit_supported_by_context,,weak_only_path
cpqa-v1-055,cross_page_qa_v1,How is Tesla connected to lithium-ion batteries?,audit,connection_path,I cannot answer from the wiki overlay because one or both entities are not present in the overlay.,True,0,0,13,0,1,True,audit_despite_safe_context,"QA audited though the context pack shows an explicit path; QA is more conservative (reported as warning, not weakened)",
cpqa-v1-056,cross_page_qa_v1,How is Forbes connected to SpaceX?,audit,connection_path,I cannot answer from the wiki overlay because the overlay has no explicit safe relation path or direct contextual link between these entities.,False,0,1,15,0,1,True,audit_supported_by_context,,weak_only_path
cpqa-v1-057,cross_page_qa_v1,How is Tesla connected to NASA?,audit,connection_path,I cannot answer from the wiki overlay because the overlay has no explicit safe relation path or direct contextual link between these entities.,False,0,1,16,0,1,True,audit_supported_by_context,,
cpqa-v1-058,cross_page_qa_v1,How is Reuters connected to rockets?,audit,connection_path,I cannot answer from the wiki overlay because the overlay has no explicit safe relation path or direct contextual link between these entities.,False,0,1,4,0,1,True,audit_supported_by_context,,
cpqa-v1-059,cross_page_qa_v1,What path connects Elon Musk to Starlink?,audit,relation_chain,I cannot answer from the wiki overlay because the overlay has no explicit safe relation path or direct contextual link between these entities.,False,0,1,8,1,2,True,audit_supported_by_context,,weak_only_path|volatile_source_qualified
cpqa-v1-060,cross_page_qa_v1,What path connects SpaceX to reusable rockets?,audit,relation_chain,I cannot answer from the wiki overlay because the overlay has no explicit safe relation path or direct contextual link between these entities.,True,1,0,11,0,1,True,audit_despite_safe_context,"QA audited though the context pack shows an explicit path; QA is more conservative (reported as warning, not weakened)",
cpqa-v1-061,cross_page_qa_v1,What path connects Tesla to Forbes?,audit,relation_chain,I cannot answer from the wiki overlay because the overlay has no explicit safe relation path or direct contextual link between these entities.,False,0,1,18,0,2,True,audit_supported_by_context,,weak_only_path
cpqa-v1-062,cross_page_qa_v1,What path connects Starlink to net worth?,audit,relation_chain,I cannot answer from the wiki overlay because the overlay has no explicit safe relation path or direct contextual link between these entities.,False,0,1,8,0,2,True,audit_supported_by_context,,current_or_live
cpqa-v1-063,cross_page_qa_v1,Does Tesla prove Musk's net worth?,audit,unsupported_or_too_far,I cannot answer from the wiki overlay because the overlay has no explicit safe path supporting this question.,True,1,1,23,1,1,True,audit_despite_safe_context,"QA audited though the context pack shows an explicit path; QA is more conservative (reported as warning, not weakened)",weak_only_path|volatile_source_qualified
cpqa-v1-064,cross_page_qa_v1,Does a weak link prove that Musk leads Forbes?,answer,weak_link_list_or_policy,"In the overlay, weak context links (weak_context_only trust) are contextual mentions, not stable factual relations. They cannot prove a factual claim. The overlay currently has 126 such weak context links. Examples: Elon Musk → Businessperson; Elon Musk → Leadership; Elon Musk → Tesla, Inc..",False,0,1,10,1,0,True,safe_policy_answer_supported,,weak_only_path|volatile_source_qualified
cpqa-v1-065,cross_page_qa_v1,"If SpaceX makes rockets, are all rockets SpaceX products?",audit,unsupported_or_too_far,I cannot answer from the wiki overlay because this question asks for a universal generalization that the overlay does not support.,False,1,1,11,0,0,True,audit_supported_by_context,,unsupported_universal_claim
cpqa-v1-066,cross_page_qa_v1,"If Tesla makes electric cars, is every electric car a Tesla?",audit,unsupported_or_too_far,I cannot answer from the wiki overlay because this question asks for a universal generalization that the overlay does not support.,False,1,1,14,0,0,True,audit_supported_by_context,,unsupported_universal_claim
cpqa-v1-067,cross_page_qa_v1,"If Musk leads Tesla, does Tesla lead Musk?",audit,unsupported_or_too_far,I cannot answer from the wiki overlay because the overlay has no explicit safe path supporting this question.,True,1,0,18,1,0,True,audit_despite_safe_context,"QA audited though the context pack shows an explicit path; QA is more conservative (reported as warning, not weakened)",volatile_source_qualified
cpqa-v1-068,cross_page_qa_v1,What is Tesla's current stock price through the overlay?,audit,unsupported_or_too_far,I cannot answer from the wiki overlay because this question asks for current/real-time data that is not available as an accepted fact in the overlay.,False,0,0,13,0,0,True,audit_supported_by_context,,current_or_live
cpqa-v1-069,cross_page_qa_v1,What is SpaceX's current valuation in the overlay?,audit,unsupported_or_too_far,I cannot answer from the wiki overlay because this question asks for current/real-time data that is not available as an accepted fact in the overlay.,False,0,0,10,0,1,True,audit_supported_by_context,,current_or_live
cpqa-v1-070,cross_page_qa_v1,What is Tesla's latest quarterly revenue from the overlay?,audit,unsupported_or_too_far,I cannot answer from the wiki overlay because this question asks for current/real-time data that is not available as an accepted fact in the overlay.,False,0,0,13,0,1,True,audit_supported_by_context,,current_or_live
cpqa-v1-071,cross_page_qa_v1,What is Tesla's market cap right now?,audit,unsupported_or_too_far,I cannot answer from the wiki overlay because this question asks for current/real-time data that is not available as an accepted fact in the overlay.,False,0,0,13,0,0,True,audit_supported_by_context,,current_or_live
