set,scale,category,cases,answer_accuracy,unsupported_claim_rate,object_recall,object_precision,latency_p50_ms,latency_p95_ms,latency_p99_ms,tokens_per_second
heldout_v2,MicroWorld,paraphrase,100,1.0,0.0,1.0,0.8083333333333332,17.337271,24.7423729,26.452131910000006,
heldout_v2,MicroWorld,multi_evidence_implicit,50,1.0,0.0,1.0,0.9666666666666667,23.244167,29.92889115,31.05137276,
heldout_v2,MicroWorld,multi_evidence_explicit,50,1.0,0.0,1.0,1.0,39.780249999999995,50.137798249999996,51.55682567,
heldout_v2,Qwen-0.5B,paraphrase,20,0.7,0.0,0.7416666666666667,0.7368421052631579,297.1071665,513.34875355,651.0687358400002,18.82276039625005
heldout_v2,Qwen-0.5B,multi_evidence_implicit,10,0.7,0.0,0.85,0.9666666666666666,503.021979,940.8331355999999,1039.6355062499997,59.59223533743185
heldout_v2,Qwen-0.5B,multi_evidence_explicit,10,0.6,0.0,0.8166666666666667,1.0,418.90168700000004,730.45882895,855.25003967,43.7370801632029
heldout_v2,Qwen-3B,multi_evidence_implicit,10,0.9,0.0,0.95,0.9666666666666666,3417.602229,8037.627937499998,8902.333191250002,7.918373452863527
heldout_v2,Qwen-3B,multi_evidence_explicit,10,0.7,0.0,0.9166666666666666,1.0,2847.1343955,4107.411581249999,4361.33900625,6.531261032558935
heldout_v2,Qwen-3B,paraphrase,20,0.5,0.0,0.5,0.95,1608.9643959999999,2945.9981889499995,3181.402421029999,1.4870774253159809
heldout_v2,Qwen-7B,multi_evidence_implicit,10,0.7,0.0,0.7,0.9523809523809524,10994.9319375,15838.494224999999,18492.13896982,2.8715800262499114
heldout_v2,Qwen-7B,multi_evidence_explicit,10,0.0,0.0,0.0,,5198.4361665,6919.987818599999,7096.92369375,0.1916841441141423
heldout_v2,Qwen-7B,paraphrase,20,0.15,0.0,0.15,1.0,3846.4306045000003,7238.246449699997,9864.979897719988,0.28406336579376157
heldout_v3,MicroWorld,paraphrase,100,1.0,0.05,1.0,0.7291666666666667,13.629666499999999,50.57466875,56.24331241,
heldout_v3,MicroWorld,multi_evidence_implicit,50,1.0,0.0,1.0,1.0,15.017624999999999,18.044317,18.37942909,
heldout_v3,MicroWorld,multi_evidence_explicit,50,1.0,0.0,1.0,1.0,23.538937500000003,29.45702065,30.38745242,
heldout_v3,Qwen-0.5B,paraphrase,20,0.8,0.05,0.8516666666666668,0.9736842105263158,238.47325,302.8147295,312.43846476000004,15.062994993914867
heldout_v3,Qwen-0.5B,multi_evidence_implicit,10,0.4,0.1,0.5,0.8571428571428571,572.2165,711.09443765,761.3183463299999,76.19480994214629
heldout_v3,Qwen-0.5B,multi_evidence_explicit,10,1.0,0.0,1.0,1.0,337.3471455,589.5487393999999,607.1594274999999,45.81595674830827
heldout_v3,Qwen-3B,multi_evidence_implicit,10,0.9,0.0,0.95,1.0,3852.5018954999996,7039.610183149997,7686.5981280000005,7.078374626526946
heldout_v3,Qwen-3B,multi_evidence_explicit,10,0.8,0.0,0.9333333333333333,1.0,3216.2153335000003,4270.90763095,4423.13214,6.025636685653131
heldout_v3,Qwen-3B,paraphrase,20,0.55,0.0,0.5666666666666667,1.0,1843.222875,3081.8144107,3321.6399052499996,1.304350446707598
heldout_v3,Qwen-7B,multi_evidence_implicit,10,0.8,0.0,0.8666666666666666,1.0,9970.502979500001,20982.038139399996,25728.443789430006,3.0181225042862763
heldout_v3,Qwen-7B,multi_evidence_explicit,10,0.0,0.0,0.0,,5011.6453125,7486.8091646999965,17984.058514070013,0.1784836804002201
heldout_v3,Qwen-7B,paraphrase,20,0.5,0.0,0.5,1.0,4104.337916500001,6400.866088099996,15053.975158469997,0.4528792403562877
independent_paraphrase_v1,MicroWorld,paraphrase,80,0.875,0.0625,0.875,0.8809523809523809,34.0261665,60.80098125,65.37914574999998,
independent_paraphrase_v1,MicroWorld,negative,20,1.0,0.0,,,15.0174995,16.651570800000002,17.532346959999998,
independent_paraphrase_v1,Qwen-0.5B,paraphrase,16,0.6875,0.0,0.6875,0.8076923076923077,465.470063,1258.5560121999968,2512.7060513899983,20.320583755798943
independent_paraphrase_v1,Qwen-0.5B,negative,4,0.0,0.0,,0.0,409.6079585,617.82073155,648.6188127099999,19.96372957849572
independent_paraphrase_v1,Qwen-3B,paraphrase,16,0.4375,0.0,0.4375,1.0,1537.3388125000001,1866.8372851,1906.3469837100001,0.8587287971759429
independent_paraphrase_v1,Qwen-3B,negative,4,1.0,0.0,,,1455.313,1700.9017704999999,1721.4250204999998,0.6687085872461165
independent_paraphrase_v1,Qwen-7B,paraphrase,16,0.375,0.0,0.375,1.0,3322.588729,5191.34092315,5805.415541490001,0.4205234539407965
independent_paraphrase_v1,Qwen-7B,negative,4,1.0,0.0,,,2991.9645415,3546.3842831499996,3572.72825663,0.3237223552301273
main_dataset,MicroWorld,multi_evidence,150,0.76,0.68,0.76,0.24533333333333332,124.9489165,208.90613384999997,360.99035607999934,
main_dataset,MicroWorld,direct,300,0.98,0.09,0.98,0.5782828282828283,27.378874500000002,47.660762500000004,87.98169333999947,
main_dataset,MicroWorld,negative,150,1.0,0.0,,,10.927791500000001,20.06835594999998,25.930921249999965,
main_dataset,MicroWorld,paraphrase,150,0.94,0.1,0.94,0.5854609929078014,27.8910415,75.05142719999994,120.4102015099999,
main_dataset,Qwen-0.5B,direct,100,0.65,0.01,0.65,0.44377510040160645,833.5299580000001,2031.0678728999994,4083.2298091699977,22.72820549790176
main_dataset,Qwen-0.5B,paraphrase,50,0.58,0.02,0.58,0.38636363636363635,867.160563,2261.288068749999,4007.3786004099975,24.064398417996834
main_dataset,Qwen-0.5B,multi_evidence,50,0.12,0.06,0.26,0.25,1762.9337085,8375.27830625,9204.35776466,37.3161563078899
main_dataset,Qwen-0.5B,negative,50,0.08,0.04,,0.0,667.6861045,1754.8907246999993,2703.0075490899962,17.504118580668703
main_dataset,Qwen-3B,multi_evidence,50,0.18,0.0,0.28,0.631578947368421,2430.248854,4947.516641599998,5657.931884249999,3.5362529329598145
main_dataset,Qwen-3B,direct,100,0.68,0.0,0.68,0.4919678714859438,2360.2359165,3772.01115595,5133.63460375,5.566023014169425
main_dataset,Qwen-3B,negative,50,0.98,0.0,,0.0,1549.620313,2350.09415175,2553.1998439199992,0.7318035781538207
main_dataset,Qwen-3B,paraphrase,50,0.46,0.0,0.46,0.41414141414141414,2148.541229,3547.3584999999975,4935.904697499999,4.48321087621673
