id,total_latency_ms,ttft_ms
obqa-968a321ff3dd19ae-direct-845ad942,695.551250,
obqa-a9320823c5d713db-paraphrase-35541696,583.211792,
obqa-607fcbb254608b94-multi_evidence-25c5e533,1772.201166,
obqa-1690463a38be2187-direct-fb782819,499.126208,
obqa-b5edb1ead32eca75-direct-c89fc2e3,1008.454500,
obqa-26d2ad25e2c7794d-multi_evidence-33582d6b,1165.339000,
obqa-b0d3648727c18df1-direct-fc59af40,450.121875,
obqa-d0a4e0d426e9fa03-multi_evidence-8f3edd98,584.567875,
obqa-59a7db9dfa46bfd7-direct-a3c34766,1203.086167,
obqa-084924e91cdaa33f-negative-09b80964,1164.715334,
obqa-607fcbb254608b94-paraphrase-aded8701,1166.645416,
obqa-b0d3648727c18df1-direct-fc59af40,882.213417,
obqa-2c6bea15f5dffb05-direct-ec70568e,1151.136500,
obqa-8c75be264d4fe7af-multi_evidence-606dd39b,3730.625125,
obqa-dd6f801cd8969587-negative-a3cfe4cc,1008.779417,
obqa-607fcbb254608b94-multi_evidence-52f1cac2,3740.444667,
obqa-7e59685684ce6d7a-direct-b35c1c78,547.000750,
obqa-2231ec312efc70ca-paraphrase-031db293,1951.096209,
obqa-ab2ce231ba32674b-negative-5b323060,534.700917,
obqa-6f1e061c186e9978-negative-26b33474,563.821583,
obqa-1b73fa9020ef49ea-negative-3d703c28,2899.451959,
obqa-cd7dba3d5ae0114d-direct-b2920c6b,1032.122375,
obqa-2cf217ea0a1833f7-direct-54badc14,1335.836292,
obqa-3823cd141f0d5dab-direct-2aeebc55,1180.046416,
obqa-0f51fbb65d1dbe9d-direct-202f07ac,1682.695166,
obqa-b5edb1ead32eca75-negative-3cb907bc,600.255083,
obqa-64dabdaae9bf7608-negative-b65e0ec6,1189.883084,
obqa-e2a9b279f09c7ffe-paraphrase-33d239eb,604.825625,
obqa-6e712a2341bd92e7-paraphrase-ba7a5f99,1119.756875,
obqa-2b614fba81bed15e-direct-2fc80dc1,920.122917,
obqa-826080d84c42d0c5-multi_evidence-4cf5dc51,8394.046625,
obqa-037486d464937544-multi_evidence-c81defcb,2062.934875,
obqa-fa95768ca1a671a9-negative-fb4f2d11,548.615500,
obqa-8b789de1cbb8804c-paraphrase-c7e6ed97,1672.134791,
obqa-b5edb1ead32eca75-negative-3cb907bc,614.954459,
obqa-767377fe44935fa3-negative-1ed2babe,948.198542,
obqa-145b09320ed8b531-direct-516ec11d,911.018542,
obqa-64dabdaae9bf7608-direct-ca71ec98,1634.561500,
obqa-e2f433c251a5638c-direct-9fba2388,996.628917,
obqa-2c6bea15f5dffb05-direct-ec70568e,1268.919709,
obqa-d3cc94c8e3606a6a-paraphrase-a2185500,730.606667,
obqa-9c28ef50f15e917b-paraphrase-e5d86c6e,1218.996541,
obqa-826080d84c42d0c5-direct-02aebb51,967.536500,
obqa-6a5947508a6806c8-direct-9797910d,1114.079584,
obqa-a6f27b9d9cb19379-paraphrase-c4932ace,827.780875,
obqa-f307d0516c93940f-multi_evidence-32ce76d4,1385.988584,
obqa-79b175cf1c2d1a4a-paraphrase-378e4ec0,1230.641083,
obqa-826080d84c42d0c5-multi_evidence-4cf5dc51,3709.546500,
obqa-968a321ff3dd19ae-negative-59e55ca9,379.949167,
obqa-3823cd141f0d5dab-negative-f3e628fd,356.421167,
obqa-d2915c285e295462-direct-9143a7e6,427.915666,
obqa-375cf44c18ff5bb6-multi_evidence-dce89bb2,1747.984166,
obqa-d03027023965de50-negative-87d14304,463.033875,
obqa-75732b64423dab26-direct-7c7ba8ab,680.290792,
obqa-b0d3648727c18df1-negative-295b9c42,344.929208,
obqa-e03cc6877ac7298b-direct-e2791bdf,428.132250,
obqa-8b789de1cbb8804c-paraphrase-c7e6ed97,544.520666,
obqa-767377fe44935fa3-direct-8a939ece,382.956208,
obqa-d03027023965de50-negative-87d14304,376.797292,
obqa-968a321ff3dd19ae-negative-59e55ca9,278.670833,
obqa-cb3aa294dbeffdd1-paraphrase-75e3ad45,459.217000,
obqa-1d719f0c14fe2474-negative-47be2b37,247.779500,
obqa-4d037a4774036b80-multi_evidence-3f53b266,930.915875,
obqa-a71c5521e395abcf-multi_evidence-9fe5e8ed,1257.315500,
obqa-2c6bea15f5dffb05-negative-03529429,357.126792,
obqa-d6e4895d2c418675-negative-29596271,533.978791,
obqa-c02e125db9b802b0-direct-6c0f5863,288.753167,
obqa-86ec9759857e7caa-direct-297ae0eb,293.664959,
obqa-6985e62bb5163d5e-direct-c73ac9ba,420.924000,
obqa-f7db8e8907517f0e-multi_evidence-e29b2abe,475.128250,
obqa-375cf44c18ff5bb6-multi_evidence-ec37c759,2907.099209,
obqa-73a6e7fb65108485-negative-c45d3ba9,361.586834,
obqa-34a29a3ed563f042-direct-9a8fc262,589.337209,
obqa-31a0ccb66f34519d-direct-f1ff4466,487.070000,
obqa-2b614fba81bed15e-direct-2fc80dc1,354.694458,
obqa-d623ef5d8cfa5fbc-paraphrase-c81a0a81,312.172084,
obqa-8c75be264d4fe7af-multi_evidence-2f1f24e4,3150.592084,
obqa-bbf67ebf4622acf7-paraphrase-fab10f40,858.061708,
obqa-0e108c1838d5195d-direct-1ac1a1c5,447.872125,
obqa-09b60e701d80589d-paraphrase-e5492d91,949.424208,
obqa-b4a5c8b481f1c190-multi_evidence-2f7320cf,1346.554000,
obqa-1d719f0c14fe2474-negative-47be2b37,436.638208,
obqa-2d385d89b0420ca8-multi_evidence-7087e8f8,1401.689083,
obqa-a71c5521e395abcf-multi_evidence-9fe5e8ed,2964.802250,
obqa-e120594632f5b024-negative-143dedaa,2084.052667,
obqa-bee71ebfa059a602-paraphrase-ba185444,844.892625,
obqa-826080d84c42d0c5-multi_evidence-4cf5dc51,8698.504292,
obqa-f307d0516c93940f-paraphrase-4f73097c,1320.777042,
obqa-b7a6353fee60d1ec-negative-3b3d4667,2375.484209,
obqa-f8fcc1f6cc259003-direct-05c6c917,1240.281667,
obqa-ab941d7fc310d3fc-multi_evidence-8b3cca5e,1212.864541,
obqa-ab2ce231ba32674b-direct-9cb38c52,826.276584,
obqa-640100d1d41af60f-paraphrase-71179b7a,538.404667,
obqa-b617504bfcd0271d-direct-5a8dd879,458.407541,
obqa-ea3e00e31ea5ed99-negative-ec63e5a7,372.834167,
obqa-235f12c9a74b0f2b-direct-8fa3131e,417.963958,
obqa-29bb8e81107ecb3d-direct-29d1055d,489.110375,
obqa-8c75be264d4fe7af-multi_evidence-2f1f24e4,5935.669125,
obqa-527d14b1225fad7e-paraphrase-3e97d63a,567.613834,
obqa-ab2ce231ba32674b-negative-5b323060,363.422708,
obqa-d0a4e0d426e9fa03-multi_evidence-8f3edd98,572.390209,
obqa-d03027023965de50-direct-8b831945,386.175167,
obqa-8c75be264d4fe7af-multi_evidence-27799c2a,1292.672583,
obqa-92a2aa8495c0a40e-paraphrase-92587fb1,671.152791,
obqa-1d719f0c14fe2474-negative-47be2b37,337.602625,
obqa-8544b10060a964b9-direct-95399150,491.119417,
obqa-5289aee5dbaa20d5-paraphrase-fdeaf767,421.321125,
obqa-8792665c633af94f-paraphrase-d9115bb1,1301.939542,
obqa-fc29916bb0f8029f-direct-17cc8d87,379.330833,
obqa-ac3467bfb96e2267-paraphrase-0471282f,392.348875,
obqa-1b73fa9020ef49ea-direct-885b40b3,450.694750,
obqa-ab941d7fc310d3fc-multi_evidence-568db3d1,1603.798417,
obqa-788b80eb881e5190-negative-b9e0f1e2,662.158750,
obqa-375cf44c18ff5bb6-direct-08e3f3aa,771.435250,
obqa-d03027023965de50-negative-87d14304,406.638417,
obqa-375cf44c18ff5bb6-multi_evidence-dce89bb2,2302.841500,
obqa-34a29a3ed563f042-negative-46081cae,461.471375,
obqa-e9884980a04a8c4e-direct-8fc95d57,836.012125,
obqa-30ed09729577410c-negative-4dd957ed,637.613125,
obqa-75732b64423dab26-direct-7c7ba8ab,1138.147541,
obqa-009bdee8969b22d8-multi_evidence-f7bd67c3,855.204375,
obqa-2231ec312efc70ca-paraphrase-031db293,1409.850667,
obqa-826080d84c42d0c5-multi_evidence-7aa04140,6283.304459,
obqa-dd6f801cd8969587-negative-a3cfe4cc,763.999167,
obqa-6a5947508a6806c8-direct-9797910d,884.935958,
obqa-1690463a38be2187-multi_evidence-5bb5afe6,1331.691416,
obqa-bbc8225f7eb388b2-negative-dbd7157d,616.475792,
obqa-29bb8e81107ecb3d-direct-29d1055d,719.386291,
obqa-607fcbb254608b94-multi_evidence-52f1cac2,2596.943333,
obqa-2eb6cb5c16ee452c-direct-bed451db,829.112666,
obqa-a13238548099e987-direct-74095566,749.796750,
obqa-64dabdaae9bf7608-negative-b65e0ec6,880.252292,
obqa-8c75be264d4fe7af-direct-f2ee221a,785.332250,
obqa-3d3a95f67b53508b-direct-3a8a0ce9,631.427000,
obqa-6fd6e7e0292e493b-negative-25baa1e0,778.101375,
obqa-1690463a38be2187-negative-f14313a6,806.635834,
obqa-e176402f44c70d2f-direct-3fcb2417,671.346750,
obqa-31a0ccb66f34519d-direct-f1ff4466,861.104166,
obqa-3823cd141f0d5dab-negative-f3e628fd,469.521625,
obqa-b5edb1ead32eca75-direct-c89fc2e3,1574.851959,
obqa-6e712a2341bd92e7-paraphrase-ba7a5f99,837.295125,
obqa-375cf44c18ff5bb6-multi_evidence-dce89bb2,2828.161042,
obqa-31a0ccb66f34519d-negative-9c4940d7,446.584042,
obqa-1690463a38be2187-negative-f14313a6,773.007541,
obqa-64dabdaae9bf7608-negative-b65e0ec6,863.895500,
obqa-d2915c285e295462-direct-9143a7e6,581.773958,
obqa-cb3aa294dbeffdd1-paraphrase-75e3ad45,783.207291,
obqa-71ae3d3576adde79-direct-09d04938,1382.474041,
obqa-f7db8e8907517f0e-multi_evidence-e29b2abe,881.468375,
obqa-2c95892489e06676-direct-c5ae8c26,631.711708,
obqa-dbd9b8ad34b39e8c-direct-1644ed6a,724.743208,
obqa-607fcbb254608b94-paraphrase-aded8701,860.466250,
obqa-f8fcc1f6cc259003-direct-05c6c917,832.827750,
obqa-474f5fdc8847155c-direct-dbef2f62,505.920583,
obqa-7605d9cc57646111-paraphrase-858906eb,842.646958,
obqa-e4da2283b5fe480f-paraphrase-03a89af7,633.877125,
obqa-ab2ce231ba32674b-negative-5b323060,395.875542,
obqa-9fb018da4f42f8ea-multi_evidence-72a5ae3d,1138.647833,
obqa-c2926ee062959d0a-paraphrase-9fa37661,2055.499834,
obqa-c20f65defa41759c-negative-d80ca63e,575.715750,
obqa-9f23e34a6f76ace6-paraphrase-5c661dcb,965.825125,
obqa-d2915c285e295462-direct-9143a7e6,699.198750,
obqa-dbd9b8ad34b39e8c-negative-9906a089,729.107417,
obqa-375cf44c18ff5bb6-multi_evidence-dce89bb2,2866.439208,
obqa-bbc8225f7eb388b2-direct-36a738fc,851.870583,
obqa-a8418b28f96ecf6e-direct-67ed8301,691.882292,
obqa-788b80eb881e5190-direct-d394c014,1202.929083,
obqa-826080d84c42d0c5-multi_evidence-7cbeda08,6195.265250,
obqa-d22e1e906ac74737-multi_evidence-7ccd39d9,1188.218459,
obqa-2ed9c8723715bc59-multi_evidence-536facd1,2033.205541,
obqa-a8418b28f96ecf6e-direct-67ed8301,710.401208,
obqa-f7db8e8907517f0e-multi_evidence-e29b2abe,1101.772917,
obqa-bbc8225f7eb388b2-negative-dbd7157d,637.798709,
obqa-2231ec312efc70ca-paraphrase-031db293,1427.419625,
obqa-e120594632f5b024-negative-143dedaa,1736.949541,
obqa-3d3a95f67b53508b-direct-3a8a0ce9,633.029458,
obqa-5d0711a9b59e8d78-negative-2f61761c,666.214625,
obqa-8c75be264d4fe7af-multi_evidence-4520d588,6196.787459,
obqa-26515e5baae4f8cc-direct-5a30ff7e,751.034625,
obqa-d02e2a29a4c5e9e4-multi_evidence-03d54ca4,1022.025792,
obqa-037486d464937544-multi_evidence-c81defcb,1111.085000,
obqa-826080d84c42d0c5-multi_evidence-7aa04140,6447.435375,
obqa-ef1d32bfeafb4a4c-paraphrase-1c1b8a5f,1679.828208,
obqa-e03cc6877ac7298b-negative-7b109f7b,1065.765542,
obqa-71ae3d3576adde79-negative-2e680385,663.444875,
obqa-6fd6e7e0292e493b-direct-efd5dae3,800.619042,
obqa-2c95892489e06676-negative-30d1122d,536.563167,
obqa-b617504bfcd0271d-direct-5a8dd879,649.610583,
obqa-71ae3d3576adde79-direct-09d04938,1464.075000,
obqa-86ec9759857e7caa-negative-76775ff8,665.159375,
obqa-4ea3b05de392cb9b-direct-8bbb34e9,1485.733708,
obqa-826080d84c42d0c5-multi_evidence-7cbeda08,6847.618666,
obqa-968a321ff3dd19ae-direct-845ad942,1214.166458,
obqa-1fe5b6db7948acb2-paraphrase-1034015e,949.784000,
obqa-6fd6e7e0292e493b-negative-25baa1e0,833.156084,
obqa-9c28ef50f15e917b-paraphrase-e5d86c6e,802.375000,
obqa-48d9bd7b07e92111-paraphrase-afaf6c17,697.149916,
obqa-826080d84c42d0c5-negative-9fd4b83e,448.054417,
obqa-788b80eb881e5190-direct-d394c014,1070.729709,
obqa-d3cc94c8e3606a6a-paraphrase-a2185500,485.002958,
obqa-8b789de1cbb8804c-paraphrase-c7e6ed97,993.234625,
obqa-d00e12bf41616fda-multi_evidence-876dc660,1569.959292,
obqa-8c75be264d4fe7af-multi_evidence-0c8af2c3,6748.100917,
obqa-826080d84c42d0c5-multi_evidence-7757329a,6697.219958,
obqa-416d6118966fb2b0-direct-e89fcdfc,598.304291,
obqa-b4616d3bd5a23d3f-direct-f481c292,2030.461125,
obqa-5d352f5c6f70d12c-direct-f6972cc4,935.484458,
obqa-8c75be264d4fe7af-multi_evidence-0c8af2c3,4150.942834,
obqa-b0d3648727c18df1-negative-295b9c42,397.851959,
obqa-b8a0b43c5a22ac40-multi_evidence-88e3612d,830.950791,
obqa-e2a9b279f09c7ffe-paraphrase-33d239eb,294.523250,
obqa-34a29a3ed563f042-direct-9a8fc262,558.961292,
obqa-b0d3648727c18df1-negative-295b9c42,325.913708,
obqa-d00e12bf41616fda-multi_evidence-876dc660,662.081625,
obqa-750c52ac5166c08c-paraphrase-1b331edf,451.469000,
obqa-e176402f44c70d2f-direct-3fcb2417,416.302084,
obqa-6a5947508a6806c8-direct-9797910d,479.471125,
obqa-826080d84c42d0c5-direct-02aebb51,393.223042,
obqa-8544b10060a964b9-direct-95399150,451.220292,
obqa-6f1e061c186e9978-negative-26b33474,258.348709,
obqa-29bb8e81107ecb3d-negative-56292334,736.142167,
obqa-86ec9759857e7caa-direct-297ae0eb,303.896208,
obqa-ea3e00e31ea5ed99-direct-28893b0a,297.076875,
obqa-6e712a2341bd92e7-paraphrase-ba7a5f99,479.120417,
obqa-7f856fce168d3a4a-direct-2b4b358e,302.375000,
obqa-2cf217ea0a1833f7-direct-54badc14,901.597125,
obqa-3f0c78112f15f48c-direct-dd8982e6,790.993833,
obqa-037486d464937544-multi_evidence-c81defcb,1135.081541,
obqa-037486d464937544-multi_evidence-c81defcb,1243.844125,
obqa-a6f27b9d9cb19379-paraphrase-c4932ace,868.956542,
obqa-4ea3b05de392cb9b-direct-8bbb34e9,2047.920750,
obqa-73a6e7fb65108485-direct-e758c4bc,663.981458,
obqa-92a2aa8495c0a40e-paraphrase-92587fb1,1551.738750,
obqa-8c75be264d4fe7af-direct-f2ee221a,1098.934500,
obqa-9ac08cae82653aea-direct-78d4ad26,900.715625,
obqa-ab941d7fc310d3fc-multi_evidence-568db3d1,3745.898958,
obqa-ad46544e57686c6b-negative-3156616a,718.893042,
obqa-1fe5b6db7948acb2-paraphrase-1034015e,933.498709,
obqa-dbd9b8ad34b39e8c-direct-1644ed6a,780.120125,
obqa-29bb8e81107ecb3d-negative-56292334,1586.708333,
obqa-2acc5a0a2834031d-direct-0f5e9240,888.659792,
obqa-d00e12bf41616fda-multi_evidence-876dc660,1354.072375,
obqa-9ac08cae82653aea-direct-78d4ad26,771.027083,
obqa-2acc5a0a2834031d-direct-0f5e9240,931.652417,
obqa-a8418b28f96ecf6e-negative-ec1ec7c3,1400.680459,
obqa-ab941d7fc310d3fc-multi_evidence-da144927,1188.511709,
obqa-a71c5521e395abcf-multi_evidence-9fe5e8ed,2793.233334,
obqa-ab941d7fc310d3fc-multi_evidence-1def7c1a,1113.259292,
obqa-2c6bea15f5dffb05-negative-03529429,582.614041,
obqa-301905c3e0fbe2d5-direct-3862ef03,750.011417,
obqa-2eb6cb5c16ee452c-direct-bed451db,913.871834,
obqa-d02e2a29a4c5e9e4-direct-28390661,868.192584,
obqa-2b614fba81bed15e-negative-d3256330,899.747625,
obqa-cd7dba3d5ae0114d-direct-b2920c6b,826.369834,
obqa-ea3e00e31ea5ed99-multi_evidence-e80f90bb,1184.150125,
obqa-1b73fa9020ef49ea-negative-3d703c28,2319.078667,
obqa-d02e2a29a4c5e9e4-multi_evidence-03d54ca4,1085.530875,
obqa-3edcdd67e6240b32-paraphrase-e415da8c,970.340458,
obqa-a13238548099e987-negative-6a3aeb38,811.869041,
obqa-c2926ee062959d0a-paraphrase-9fa37661,2333.848000,
obqa-2bab9f259fd15e15-multi_evidence-b975271c,1237.699375,
obqa-640100d1d41af60f-paraphrase-71179b7a,785.260834,
obqa-8fca1cf4cceb6092-negative-a082a1a6,635.045167,
obqa-4d037a4774036b80-multi_evidence-ae8490a4,2087.110500,
obqa-9f23e34a6f76ace6-paraphrase-5c661dcb,591.476125,
obqa-30ed09729577410c-direct-efd6c62a,758.009584,
obqa-9b0aceb2dd82360f-paraphrase-d76802fb,414.719625,
obqa-640100d1d41af60f-paraphrase-71179b7a,511.592250,
obqa-5289aee5dbaa20d5-paraphrase-fdeaf767,445.303458,
obqa-4d037a4774036b80-multi_evidence-ae8490a4,1287.931291,
obqa-d6e4895d2c418675-direct-b7f9ff53,449.018333,
obqa-dd6f801cd8969587-direct-4c9eb9f2,396.522500,
obqa-151fd81086caef59-direct-ff51c21f,503.121625,
obqa-607fcbb254608b94-multi_evidence-25c5e533,1234.700375,
obqa-ef36991298a44437-direct-0d50da7c,389.691291,
obqa-ea3e00e31ea5ed99-multi_evidence-e80f90bb,549.028125,
obqa-ab941d7fc310d3fc-direct-bd022078,383.946541,
obqa-826080d84c42d0c5-multi_evidence-7aa04140,2705.045291,
obqa-26d2ad25e2c7794d-multi_evidence-33582d6b,1019.172875,
obqa-607fcbb254608b94-paraphrase-aded8701,493.191250,
obqa-a13238548099e987-negative-6a3aeb38,430.882250,
obqa-145b09320ed8b531-direct-516ec11d,390.108167,
obqa-9be88cdf4e790b52-negative-cf2eb02d,582.074708,
obqa-a6f27b9d9cb19379-paraphrase-c4932ace,358.415750,
obqa-ebf45071ef67ccef-negative-b77e881d,339.521291,
obqa-30ed09729577410c-direct-efd6c62a,553.891166,
obqa-29bb8e81107ecb3d-negative-56292334,672.394500,
obqa-3edcdd67e6240b32-paraphrase-e415da8c,496.265042,
obqa-75732b64423dab26-direct-7c7ba8ab,570.960167,
obqa-a13238548099e987-direct-74095566,441.209083,
obqa-f8fcc1f6cc259003-direct-05c6c917,488.990042,
obqa-48d9bd7b07e92111-paraphrase-afaf6c17,388.557625,
obqa-8c75be264d4fe7af-direct-f2ee221a,558.124459,
obqa-0ef8f600f52f06ab-paraphrase-b22e59c0,582.496625,
obqa-fa95768ca1a671a9-direct-c9a7abfd,416.092958,
obqa-375cf44c18ff5bb6-multi_evidence-08ef71b1,4430.799041,
obqa-2bab9f259fd15e15-multi_evidence-b975271c,1244.305625,
obqa-a71c5521e395abcf-paraphrase-59ff70e7,688.629541,
obqa-ab941d7fc310d3fc-multi_evidence-8b3cca5e,951.538084,
obqa-e2a9b279f09c7ffe-paraphrase-33d239eb,372.272458,
obqa-7e59685684ce6d7a-direct-b35c1c78,315.410917,
obqa-5d0711a9b59e8d78-negative-2f61761c,377.753791,
obqa-3823cd141f0d5dab-direct-2aeebc55,466.759083,
obqa-9ac08cae82653aea-direct-78d4ad26,413.365541,
obqa-2cf217ea0a1833f7-direct-54badc14,526.661875,
obqa-71ae3d3576adde79-direct-09d04938,682.494875,
obqa-94388cacb4f03a82-direct-c2d2662c,749.553709,
obqa-26d2ad25e2c7794d-multi_evidence-33582d6b,1150.791000,
obqa-084924e91cdaa33f-direct-42e7e076,606.546750,
obqa-d7eacd3937e480b8-paraphrase-d4acd161,1821.592459,
obqa-b0d3648727c18df1-direct-fc59af40,733.707792,
obqa-41d895f02acaa443-paraphrase-39ea3ba1,1773.189333,
obqa-6f1e061c186e9978-direct-f9484fe2,430.617584,
obqa-190dd784dfc1ad61-direct-9fa4dc50,748.968125,
obqa-d02e2a29a4c5e9e4-direct-28390661,725.675208,
obqa-5d352f5c6f70d12c-direct-f6972cc4,830.274584,
obqa-1690463a38be2187-negative-f14313a6,779.685750,
obqa-8c75be264d4fe7af-multi_evidence-4520d588,6385.165125,
obqa-e176402f44c70d2f-direct-3fcb2417,730.477667,
obqa-d22e1e906ac74737-multi_evidence-7ccd39d9,1284.597750,
obqa-151fd81086caef59-direct-ff51c21f,889.502417,
obqa-826080d84c42d0c5-multi_evidence-a03c11a1,2406.886083,
obqa-375cf44c18ff5bb6-multi_evidence-ec37c759,6218.750875,
obqa-ab941d7fc310d3fc-direct-bd022078,681.427583,
obqa-c20f65defa41759c-direct-2e124913,596.075042,
obqa-2ed9c8723715bc59-multi_evidence-536facd1,2083.392917,
obqa-c2926ee062959d0a-paraphrase-9fa37661,2027.107834,
obqa-73a6e7fb65108485-negative-c45d3ba9,421.574834,
obqa-d03027023965de50-negative-87d14304,602.210458,
obqa-ab941d7fc310d3fc-multi_evidence-5fad61c5,6212.321834,
obqa-f15262dc3be1c30e-multi_evidence-60ae8676,2481.087542,
obqa-c20f65defa41759c-direct-2e124913,567.427792,
obqa-2b614fba81bed15e-negative-d3256330,749.518250,
obqa-826080d84c42d0c5-multi_evidence-ea763fd9,2737.769958,
obqa-eb01b992761f8c3e-negative-1aba0d62,1147.078667,
obqa-968a321ff3dd19ae-negative-59e55ca9,596.084167,
obqa-151fd81086caef59-direct-ff51c21f,1086.018292,
obqa-037486d464937544-direct-555b64b7,1040.780250,
obqa-2c23c5b418e96deb-paraphrase-bc3d598d,800.870708,
obqa-640100d1d41af60f-paraphrase-71179b7a,802.025291,
obqa-71ae3d3576adde79-negative-2e680385,615.022583,
obqa-2c95892489e06676-direct-c5ae8c26,635.576042,
obqa-3d9890ad4bb92669-paraphrase-9af47b3e,402.620958,
obqa-5d0711a9b59e8d78-direct-daca25fd,1047.554208,
obqa-d623ef5d8cfa5fbc-paraphrase-c81a0a81,525.983542,
obqa-29bb8e81107ecb3d-negative-56292334,1219.369250,
obqa-d6e4895d2c418675-direct-b7f9ff53,480.102375,
obqa-d2915c285e295462-direct-9143a7e6,518.673166,
obqa-826080d84c42d0c5-negative-9fd4b83e,367.091084,
obqa-e03cc6877ac7298b-negative-7b109f7b,866.823166,
obqa-09b60e701d80589d-paraphrase-e5492d91,730.798708,
obqa-968a321ff3dd19ae-negative-59e55ca9,404.398833,
obqa-8c75be264d4fe7af-multi_evidence-0c8af2c3,5883.747042,
obqa-6f1e061c186e9978-negative-26b33474,409.370083,
obqa-1690463a38be2187-multi_evidence-aa43c4e5,950.691166,
obqa-0e108c1838d5195d-direct-1ac1a1c5,431.855542,
obqa-e03cc6877ac7298b-negative-7b109f7b,1002.946041,
obqa-3fcdcf363ceb3a2b-direct-7437ba38,828.478416,
obqa-a71c5521e395abcf-paraphrase-59ff70e7,536.119417,
obqa-73a6e7fb65108485-direct-e758c4bc,385.059542,
obqa-eb01b992761f8c3e-negative-1aba0d62,897.332334,
obqa-86ec9759857e7caa-negative-76775ff8,580.523125,
obqa-ea3e00e31ea5ed99-direct-28893b0a,430.581875,
obqa-bbf67ebf4622acf7-paraphrase-fab10f40,718.326625,
obqa-d623ef5d8cfa5fbc-paraphrase-c81a0a81,534.503042,
obqa-b4a5c8b481f1c190-multi_evidence-2f7320cf,1100.140709,
obqa-190dd784dfc1ad61-direct-9fa4dc50,696.374416,
obqa-c8ff5cc9f619f375-multi_evidence-254f488c,1199.770459,
obqa-826d28d8fc3cf329-negative-0834a7ae,369.070583,
obqa-826080d84c42d0c5-negative-9fd4b83e,398.268708,
obqa-750c52ac5166c08c-paraphrase-1b331edf,732.432834,
obqa-b8a0b43c5a22ac40-multi_evidence-88e3612d,1296.567792,
obqa-6c6b1c16a62e2537-multi_evidence-6d7d0b36,1251.177334,
obqa-8792665c633af94f-paraphrase-d9115bb1,2419.354292,
obqa-1b73fa9020ef49ea-direct-885b40b3,764.617125,
obqa-037486d464937544-direct-555b64b7,765.869208,
obqa-145b09320ed8b531-negative-50046ca0,529.173042,
obqa-1fe5b6db7948acb2-paraphrase-1034015e,801.282750,
obqa-3fcdcf363ceb3a2b-direct-7437ba38,783.206750,
obqa-767377fe44935fa3-direct-8a939ece,535.634709,
obqa-d0a4e0d426e9fa03-paraphrase-551de3e4,700.385292,
obqa-416d6118966fb2b0-direct-e89fcdfc,509.566125,
obqa-c02e125db9b802b0-direct-6c0f5863,400.804666,
obqa-88f5916addb09a9b-paraphrase-51183c46,2729.125333,
obqa-527d14b1225fad7e-paraphrase-3e97d63a,587.738459,
obqa-cd7dba3d5ae0114d-direct-b2920c6b,635.018417,
obqa-79b175cf1c2d1a4a-paraphrase-378e4ec0,743.153750,
obqa-375cf44c18ff5bb6-direct-08e3f3aa,1202.684250,
obqa-7e59685684ce6d7a-negative-ccb48753,663.358542,
obqa-e4da2283b5fe480f-paraphrase-03a89af7,596.858042,
obqa-26d2ad25e2c7794d-multi_evidence-33582d6b,1768.913583,
obqa-009bdee8969b22d8-multi_evidence-f7bd67c3,833.720250,
obqa-b7a6353fee60d1ec-negative-3b3d4667,1701.231875,
obqa-3edcdd67e6240b32-paraphrase-e415da8c,818.220334,
obqa-151fd81086caef59-direct-ff51c21f,812.974041,
obqa-826d28d8fc3cf329-negative-0834a7ae,382.490292,
obqa-6c6b1c16a62e2537-multi_evidence-6d7d0b36,1251.046917,
obqa-d02e2a29a4c5e9e4-direct-28390661,664.959167,
obqa-826080d84c42d0c5-multi_evidence-7757329a,5331.153375,
obqa-bcb942c597719b4c-direct-1ed1fb1e,1065.777042,
obqa-1690463a38be2187-multi_evidence-aa43c4e5,782.252583,
obqa-e2f433c251a5638c-direct-9fba2388,599.246208,
obqa-375cf44c18ff5bb6-multi_evidence-08ef71b1,5188.422833,
obqa-88f5916addb09a9b-paraphrase-51183c46,2909.688375,
obqa-ef36991298a44437-direct-0d50da7c,551.267250,
obqa-b617504bfcd0271d-direct-5a8dd879,581.550417,
obqa-b8a91540adcaaf85-paraphrase-3d807b6d,1167.051917,
obqa-a71c5521e395abcf-paraphrase-59ff70e7,531.796000,
obqa-5289aee5dbaa20d5-paraphrase-fdeaf767,653.268042,
obqa-968a321ff3dd19ae-direct-845ad942,1047.030083,
obqa-c8ff5cc9f619f375-multi_evidence-254f488c,1167.256000,
obqa-a13238548099e987-direct-74095566,684.839792,
obqa-a9320823c5d713db-paraphrase-35541696,830.020500,
obqa-79cf433a4ad16c18-paraphrase-08542f23,482.108542,
obqa-084924e91cdaa33f-negative-09b80964,750.464083,
obqa-b4616d3bd5a23d3f-direct-f481c292,1617.600084,
obqa-f307d0516c93940f-multi_evidence-32ce76d4,934.040708,
obqa-dbd9b8ad34b39e8c-direct-1644ed6a,634.169125,
obqa-dd6f801cd8969587-direct-4c9eb9f2,546.719833,
obqa-a8418b28f96ecf6e-negative-ec1ec7c3,1018.048375,
obqa-2c6bea15f5dffb05-direct-ec70568e,693.231083,
obqa-2d385d89b0420ca8-multi_evidence-7087e8f8,1085.043875,
obqa-826080d84c42d0c5-multi_evidence-4cf5dc51,5748.417125,
obqa-6cee97d9869f4d9c-paraphrase-3da0f13b,1547.843500,
obqa-ab941d7fc310d3fc-multi_evidence-5fad61c5,5821.120917,
obqa-41d895f02acaa443-paraphrase-39ea3ba1,1560.414500,
obqa-8c75be264d4fe7af-multi_evidence-0c8af2c3,5989.315375,
obqa-6e90a0e7edd2e0b7-paraphrase-1be7d593,812.445500,
obqa-2c6bea15f5dffb05-negative-03529429,555.185750,
obqa-1d719f0c14fe2474-direct-e95a368d,563.197167,
obqa-7e59685684ce6d7a-negative-ccb48753,716.762667,
obqa-e03cc6877ac7298b-negative-7b109f7b,992.163958,
obqa-d6e4895d2c418675-negative-29596271,932.987292,
obqa-084924e91cdaa33f-negative-09b80964,804.371125,
obqa-6fd6e7e0292e493b-direct-efd5dae3,750.279542,
obqa-ebf45071ef67ccef-direct-46299165,450.898750,
obqa-8c75be264d4fe7af-multi_evidence-606dd39b,2567.422917,
obqa-8fca1cf4cceb6092-direct-7b06437b,1258.320750,
obqa-826080d84c42d0c5-multi_evidence-a03c11a1,2369.962334,
obqa-3edcdd67e6240b32-paraphrase-e415da8c,859.396333,
obqa-d03027023965de50-direct-8b831945,454.258000,
obqa-2b614fba81bed15e-direct-2fc80dc1,662.573500,
obqa-788b80eb881e5190-direct-d394c014,988.823208,
obqa-a1437d463a5eb8d1-direct-ef76b42b,728.936459,
obqa-ebf45071ef67ccef-negative-b77e881d,531.914167,
obqa-a8418b28f96ecf6e-direct-67ed8301,650.344750,
obqa-c1be5cf72e11b47d-direct-de2a680b,684.625084,
obqa-607fcbb254608b94-paraphrase-aded8701,783.559583,
obqa-eb01b992761f8c3e-negative-1aba0d62,915.335250,
obqa-767377fe44935fa3-direct-8a939ece,567.989000,
obqa-e4da2283b5fe480f-paraphrase-03a89af7,598.910167,
obqa-8c75be264d4fe7af-multi_evidence-27799c2a,2228.319541,
obqa-ab2ce231ba32674b-negative-5b323060,383.279416,
obqa-c02e125db9b802b0-negative-caff18a1,569.828584,
obqa-c2926ee062959d0a-paraphrase-9fa37661,1896.456750,
obqa-a1437d463a5eb8d1-direct-ef76b42b,716.703125,
obqa-d0a4e0d426e9fa03-multi_evidence-8f3edd98,795.270000,
obqa-9f23e34a6f76ace6-paraphrase-5c661dcb,834.107625,
obqa-8792665c633af94f-paraphrase-d9115bb1,2549.496833,
obqa-b5edb1ead32eca75-negative-3cb907bc,442.134542,
obqa-34a29a3ed563f042-negative-46081cae,411.974375,
obqa-607fcbb254608b94-multi_evidence-52f1cac2,2597.405625,
obqa-151fd81086caef59-negative-6888f8af,615.937083,
obqa-ef36991298a44437-negative-1012b697,379.894667,
obqa-2c6bea15f5dffb05-direct-ec70568e,697.234875,
obqa-fc29916bb0f8029f-direct-17cc8d87,601.180125,
obqa-b5edb1ead32eca75-direct-c89fc2e3,1534.374583,
obqa-9dddc186eaeca0c3-paraphrase-51cf3859,966.727500,
obqa-d02e2a29a4c5e9e4-multi_evidence-03d54ca4,969.949667,
obqa-e10cfe71d9949ef2-direct-7ca947cb,578.442375,
obqa-dbd9b8ad34b39e8c-negative-9906a089,698.500917,
obqa-88f5916addb09a9b-paraphrase-51183c46,3183.404667,
obqa-5b93eb2b242d9869-direct-40e26cb9,649.434500,
obqa-dbd9b8ad34b39e8c-negative-9906a089,665.030291,
obqa-3d3a95f67b53508b-direct-3a8a0ce9,596.417042,
obqa-d00e12bf41616fda-multi_evidence-876dc660,1104.162750,
obqa-9bbe3a26cc069e08-direct-af9c82ca,997.190958,
obqa-826080d84c42d0c5-multi_evidence-4cf5dc51,6103.145583,
obqa-190dd784dfc1ad61-direct-9fa4dc50,717.608875,
obqa-bccccf03a0c7623b-paraphrase-b217388b,612.015792,
obqa-ab941d7fc310d3fc-multi_evidence-1def7c1a,933.136292,
obqa-1d719f0c14fe2474-direct-e95a368d,515.426000,
obqa-9fb018da4f42f8ea-multi_evidence-72a5ae3d,1064.883542,
obqa-ef36991298a44437-direct-0d50da7c,569.504667,
obqa-8b789de1cbb8804c-paraphrase-c7e6ed97,831.555542,
obqa-e03cc6877ac7298b-direct-e2791bdf,631.669375,
obqa-eb01b992761f8c3e-direct-570f2ac2,750.838417,
obqa-788b80eb881e5190-direct-d394c014,1049.598917,
obqa-64dabdaae9bf7608-direct-ca71ec98,978.573000,
obqa-750c52ac5166c08c-paraphrase-1b331edf,799.716834,
obqa-73a6e7fb65108485-direct-e758c4bc,434.203833,
obqa-5d0711a9b59e8d78-direct-daca25fd,1131.838042,
obqa-bbf67ebf4622acf7-paraphrase-fab10f40,784.791459,
obqa-92a2aa8495c0a40e-paraphrase-92587fb1,1149.131084,
obqa-a13238548099e987-direct-74095566,768.203625,
obqa-a8418b28f96ecf6e-negative-ec1ec7c3,1116.094292,
obqa-94388cacb4f03a82-direct-c2d2662c,1533.709500,
obqa-b8a91540adcaaf85-paraphrase-3d807b6d,1281.737834,
obqa-50d6ff42712d6500-direct-5b376ab4,564.538917,
obqa-8c75be264d4fe7af-multi_evidence-27799c2a,2467.735417,
obqa-e9884980a04a8c4e-direct-8fc95d57,759.243250,
obqa-ab941d7fc310d3fc-multi_evidence-da144927,1021.678208,
obqa-71ae3d3576adde79-direct-09d04938,1378.087000,
obqa-34a29a3ed563f042-negative-46081cae,391.419167,
obqa-f7db8e8907517f0e-multi_evidence-e29b2abe,877.824583,
obqa-8c75be264d4fe7af-multi_evidence-0c8af2c3,6169.019292,
obqa-6c6b1c16a62e2537-multi_evidence-6d7d0b36,1367.122708,
obqa-750c52ac5166c08c-paraphrase-1b331edf,779.079583,
obqa-94388cacb4f03a82-direct-c2d2662c,1483.255666,
obqa-6985e62bb5163d5e-direct-c73ac9ba,766.225458,
obqa-b4a5c8b481f1c190-multi_evidence-2f7320cf,1182.352333,
obqa-6fd6e7e0292e493b-direct-efd5dae3,781.763625,
obqa-dbd9b8ad34b39e8c-direct-1644ed6a,708.328458,
obqa-59a7db9dfa46bfd7-direct-a3c34766,891.962250,
obqa-8c75be264d4fe7af-multi_evidence-606dd39b,2514.214125,
obqa-c02e125db9b802b0-direct-6c0f5863,478.427584,
obqa-6fd6e7e0292e493b-negative-25baa1e0,787.351834,
obqa-b8a0b43c5a22ac40-multi_evidence-88e3612d,1436.030625,
obqa-d58a9c28f9fccc66-direct-0458fca9,1565.627875,
obqa-59a7db9dfa46bfd7-direct-a3c34766,912.945333,
obqa-ab941d7fc310d3fc-multi_evidence-568db3d1,3422.740292,
obqa-a13238548099e987-negative-6a3aeb38,678.074833,
obqa-2019e8c2bcbe2a24-paraphrase-6c04880a,709.833334,
obqa-ab941d7fc310d3fc-multi_evidence-5fad61c5,6388.189542,
obqa-037486d464937544-multi_evidence-dfc67d79,2714.178458,
obqa-9be88cdf4e790b52-direct-aa7f2fe4,900.418333,
obqa-dc4afc4e1914d65f-direct-1b810eb7,2219.981792,
obqa-79b175cf1c2d1a4a-paraphrase-378e4ec0,911.217834,
obqa-0f51fbb65d1dbe9d-direct-202f07ac,1216.201291,
obqa-d58a9c28f9fccc66-direct-0458fca9,1531.417125,
obqa-b5edb1ead32eca75-negative-3cb907bc,504.425958,
obqa-ebf45071ef67ccef-negative-b77e881d,600.094833,
obqa-e120594632f5b024-negative-143dedaa,1769.569875,
obqa-bcb942c597719b4c-direct-1ed1fb1e,1296.079584,
obqa-e10cfe71d9949ef2-direct-7ca947cb,579.869792,
obqa-bee71ebfa059a602-paraphrase-ba185444,747.721250,
obqa-c02e125db9b802b0-negative-caff18a1,616.233583,
obqa-2bab9f259fd15e15-multi_evidence-b975271c,1149.359708,
obqa-6f1e061c186e9978-direct-f9484fe2,430.472625,
obqa-f8fcc1f6cc259003-direct-05c6c917,852.050250,
obqa-31a0ccb66f34519d-direct-f1ff4466,917.151333,
obqa-a6f27b9d9cb19379-multi_evidence-9aa4fcc3,1986.206958,
obqa-b8a0b43c5a22ac40-multi_evidence-88e3612d,1460.270708,
obqa-79cf433a4ad16c18-paraphrase-08542f23,548.584375,
obqa-d0a4e0d426e9fa03-paraphrase-551de3e4,820.486541,
obqa-9fb018da4f42f8ea-multi_evidence-72a5ae3d,1194.029000,
obqa-826080d84c42d0c5-multi_evidence-c6a381dc,772.449125,
obqa-7f856fce168d3a4a-direct-2b4b358e,484.613084,
obqa-b7a6353fee60d1ec-negative-3b3d4667,1897.055958,
obqa-f15262dc3be1c30e-direct-4cdc7699,3398.508375,
obqa-d02e2a29a4c5e9e4-direct-28390661,746.403667,
obqa-0ef8f600f52f06ab-paraphrase-b22e59c0,815.092167,
obqa-f15262dc3be1c30e-direct-4cdc7699,3408.668042,
obqa-826d28d8fc3cf329-direct-e9fd28f4,742.120042,
obqa-9c28ef50f15e917b-paraphrase-e5d86c6e,865.364584,
obqa-86ec9759857e7caa-direct-297ae0eb,603.696208,
obqa-d6e4895d2c418675-direct-b7f9ff53,667.923917,
obqa-8fca1cf4cceb6092-direct-7b06437b,1509.763208,
obqa-375cf44c18ff5bb6-multi_evidence-ec37c759,7210.972042,
obqa-dc4afc4e1914d65f-direct-1b810eb7,2862.307125,
obqa-9f23e34a6f76ace6-paraphrase-5c661dcb,991.095458,
obqa-6cee97d9869f4d9c-paraphrase-3da0f13b,1815.276666,
obqa-4ea3b05de392cb9b-direct-8bbb34e9,1472.751959,
obqa-2c23c5b418e96deb-paraphrase-bc3d598d,746.850958,
obqa-1b73fa9020ef49ea-direct-885b40b3,930.757542,
obqa-48d9bd7b07e92111-paraphrase-afaf6c17,730.231209,
obqa-7f856fce168d3a4a-direct-2b4b358e,504.828250,
obqa-145b09320ed8b531-direct-516ec11d,664.639375,
obqa-5d0711a9b59e8d78-negative-2f61761c,711.482625,
obqa-26515e5baae4f8cc-direct-5a30ff7e,817.799084,
obqa-826080d84c42d0c5-multi_evidence-a03c11a1,2727.633917,
obqa-9b0aceb2dd82360f-paraphrase-d76802fb,663.109625,
obqa-151fd81086caef59-negative-6888f8af,712.937500,
obqa-8c75be264d4fe7af-multi_evidence-2f1f24e4,7147.963375,
obqa-7f856fce168d3a4a-direct-2b4b358e,508.999667,
obqa-3f0c78112f15f48c-direct-dd8982e6,834.757500,
obqa-dbd9b8ad34b39e8c-negative-9906a089,718.520541,
obqa-826080d84c42d0c5-multi_evidence-7cbeda08,7180.672333,
obqa-1fe5b6db7948acb2-paraphrase-1034015e,916.142167,
obqa-e2f433c251a5638c-direct-9fba2388,737.048459,
obqa-dd6f801cd8969587-negative-a3cfe4cc,748.180000,
obqa-f307d0516c93940f-paraphrase-4f73097c,632.852458,
obqa-6fd6e7e0292e493b-negative-25baa1e0,814.265750,
obqa-cb3aa294dbeffdd1-paraphrase-75e3ad45,921.481875,
obqa-ab941d7fc310d3fc-multi_evidence-5fad61c5,7807.518583,
obqa-8c75be264d4fe7af-multi_evidence-27799c2a,3015.445166,
obqa-1690463a38be2187-multi_evidence-5bb5afe6,1652.691125,
obqa-b7a6353fee60d1ec-direct-e692af00,834.232166,
obqa-8c75be264d4fe7af-multi_evidence-27799c2a,2928.609875,
obqa-b4616d3bd5a23d3f-direct-f481c292,2285.383292,
obqa-b7a6353fee60d1ec-direct-e692af00,847.553750,
obqa-d22e1e906ac74737-multi_evidence-7ccd39d9,1630.123167,
obqa-767377fe44935fa3-negative-1ed2babe,668.731084,
obqa-64dabdaae9bf7608-negative-b65e0ec6,1130.870209,
obqa-3823cd141f0d5dab-direct-2aeebc55,1004.946416,
obqa-b7a6353fee60d1ec-direct-e692af00,804.975500,
obqa-8c75be264d4fe7af-multi_evidence-2f1f24e4,7685.711333,
obqa-084924e91cdaa33f-direct-42e7e076,605.447416,
obqa-375cf44c18ff5bb6-multi_evidence-08ef71b1,7827.308083,
obqa-6e90a0e7edd2e0b7-paraphrase-1be7d593,1088.327875,
obqa-09b60e701d80589d-paraphrase-e5492d91,1144.058042,
obqa-a71c5521e395abcf-paraphrase-59ff70e7,717.899708,
obqa-50d6ff42712d6500-direct-5b376ab4,690.973041,
obqa-bbf67ebf4622acf7-paraphrase-fab10f40,988.368166,
obqa-2c95892489e06676-direct-c5ae8c26,783.508292,
obqa-2c95892489e06676-direct-c5ae8c26,770.919500,
obqa-fa95768ca1a671a9-negative-fb4f2d11,466.003208,
obqa-151fd81086caef59-negative-6888f8af,765.587666,
obqa-bccccf03a0c7623b-paraphrase-b217388b,763.219042,
obqa-9dddc186eaeca0c3-paraphrase-51cf3859,1199.349416,
obqa-73a6e7fb65108485-negative-c45d3ba9,515.324875,
obqa-88f5916addb09a9b-paraphrase-51183c46,4171.168916,
obqa-bcb942c597719b4c-direct-1ed1fb1e,1612.393458,
obqa-b5edb1ead32eca75-direct-c89fc2e3,2102.351667,
obqa-bcb942c597719b4c-direct-1ed1fb1e,1626.218292,
obqa-6e90a0e7edd2e0b7-paraphrase-1be7d593,1084.797084,
obqa-79b175cf1c2d1a4a-paraphrase-378e4ec0,1167.824459,
obqa-8fca1cf4cceb6092-negative-a082a1a6,714.512792,
obqa-d03027023965de50-direct-8b831945,581.184666,
obqa-31a0ccb66f34519d-direct-f1ff4466,1135.436542,
obqa-d02e2a29a4c5e9e4-multi_evidence-03d54ca4,1299.903083,
obqa-fa95768ca1a671a9-negative-fb4f2d11,487.308625,
obqa-50d6ff42712d6500-direct-5b376ab4,695.718583,
obqa-2ed9c8723715bc59-multi_evidence-536facd1,2664.131542,
obqa-4d037a4774036b80-multi_evidence-3f53b266,2317.065583,
obqa-b617504bfcd0271d-direct-5a8dd879,802.288250,
obqa-767377fe44935fa3-direct-8a939ece,808.112333,
obqa-ebf45071ef67ccef-direct-46299165,552.973042,
obqa-2231ec312efc70ca-paraphrase-031db293,1850.676208,
obqa-2c95892489e06676-negative-30d1122d,633.851375,
obqa-b7a6353fee60d1ec-negative-3b3d4667,2314.987916,
obqa-dc4afc4e1914d65f-direct-1b810eb7,2881.684333,
obqa-31a0ccb66f34519d-negative-9c4940d7,603.737208,
obqa-09b60e701d80589d-paraphrase-e5492d91,1240.502542,
obqa-084924e91cdaa33f-direct-42e7e076,642.821875,
obqa-037486d464937544-direct-555b64b7,1112.848375,
obqa-ac3467bfb96e2267-paraphrase-0471282f,902.800541,
obqa-ad46544e57686c6b-negative-3156616a,829.851917,
obqa-eb01b992761f8c3e-direct-570f2ac2,882.200959,
obqa-d623ef5d8cfa5fbc-paraphrase-c81a0a81,717.646292,
obqa-ef1d32bfeafb4a4c-paraphrase-1c1b8a5f,2083.789792,
obqa-fa95768ca1a671a9-negative-fb4f2d11,495.907041,
obqa-ea3e00e31ea5ed99-negative-ec63e5a7,573.973167,
obqa-5d0711a9b59e8d78-negative-2f61761c,911.084208,
obqa-c02e125db9b802b0-negative-caff18a1,813.925708,
obqa-a6f27b9d9cb19379-multi_evidence-9aa4fcc3,2565.889625,
obqa-30ed09729577410c-negative-4dd957ed,766.435917,
obqa-41d895f02acaa443-paraphrase-39ea3ba1,2100.855084,
obqa-29bb8e81107ecb3d-negative-56292334,1845.570584,
obqa-a9320823c5d713db-paraphrase-35541696,1250.640958,
obqa-9be88cdf4e790b52-negative-cf2eb02d,1429.434542,
obqa-8c75be264d4fe7af-multi_evidence-4520d588,8667.844666,
obqa-e120594632f5b024-negative-143dedaa,2350.209083,
obqa-826080d84c42d0c5-negative-9fd4b83e,538.321083,
obqa-d7eacd3937e480b8-paraphrase-d4acd161,1962.085875,
obqa-5b93eb2b242d9869-direct-40e26cb9,885.966500,
obqa-b4a5c8b481f1c190-multi_evidence-2f7320cf,1561.526125,
obqa-d22e1e906ac74737-multi_evidence-7ccd39d9,1580.149667,
obqa-151fd81086caef59-direct-ff51c21f,1117.489959,
obqa-788b80eb881e5190-negative-b9e0f1e2,1480.477708,
obqa-ea3e00e31ea5ed99-multi_evidence-e80f90bb,1355.180166,
obqa-c8ff5cc9f619f375-multi_evidence-254f488c,1577.591958,
obqa-235f12c9a74b0f2b-direct-8fa3131e,717.284583,
obqa-0e108c1838d5195d-direct-1ac1a1c5,499.441333,
obqa-7f856fce168d3a4a-direct-2b4b358e,582.175833,
obqa-b7a6353fee60d1ec-direct-e692af00,889.207292,
obqa-b5edb1ead32eca75-negative-3cb907bc,592.887167,
obqa-ef36991298a44437-direct-0d50da7c,788.470166,
obqa-474f5fdc8847155c-direct-dbef2f62,646.416042,
obqa-cd7dba3d5ae0114d-direct-b2920c6b,966.361875,
obqa-2bab9f259fd15e15-multi_evidence-b975271c,1412.421167,
obqa-5d352f5c6f70d12c-direct-f6972cc4,1055.110583,
obqa-a1437d463a5eb8d1-direct-ef76b42b,965.394416,
obqa-dea4d6ce67cffc8c-paraphrase-a6d6121e,1029.531041,
obqa-bee71ebfa059a602-paraphrase-ba185444,938.521625,
obqa-ab941d7fc310d3fc-multi_evidence-1def7c1a,1325.875583,
obqa-d03027023965de50-direct-8b831945,584.048334,
obqa-71ae3d3576adde79-negative-2e680385,763.908375,
obqa-2c6bea15f5dffb05-direct-ec70568e,921.073375,
obqa-9be88cdf4e790b52-negative-cf2eb02d,1349.016708,
obqa-968a321ff3dd19ae-direct-845ad942,1412.251709,
obqa-a6f27b9d9cb19379-multi_evidence-9aa4fcc3,2471.946041,
obqa-2b614fba81bed15e-negative-d3256330,965.525542,
obqa-fc29916bb0f8029f-direct-17cc8d87,816.288250,
obqa-a6f27b9d9cb19379-multi_evidence-9aa4fcc3,2528.335041,
obqa-5d0711a9b59e8d78-negative-2f61761c,816.543791,
obqa-9be88cdf4e790b52-direct-aa7f2fe4,1084.679083,
obqa-dea4d6ce67cffc8c-paraphrase-a6d6121e,1050.894167,
obqa-2c95892489e06676-direct-c5ae8c26,844.370375,
obqa-e03cc6877ac7298b-direct-e2791bdf,850.017584,
obqa-826080d84c42d0c5-multi_evidence-7cbeda08,8352.339250,
obqa-e10cfe71d9949ef2-direct-7ca947cb,800.937625,
obqa-fa95768ca1a671a9-direct-c9a7abfd,590.213833,
obqa-a1437d463a5eb8d1-direct-ef76b42b,1068.694667,
obqa-9c28ef50f15e917b-paraphrase-e5d86c6e,963.675667,
obqa-f15262dc3be1c30e-multi_evidence-60ae8676,3204.486542,
obqa-145b09320ed8b531-negative-50046ca0,700.636375,
obqa-e6dd03f4f2ffe382-paraphrase-71278a47,780.463708,
obqa-e03cc6877ac7298b-negative-7b109f7b,1348.960208,
obqa-2c95892489e06676-negative-30d1122d,666.641125,
obqa-4d037a4774036b80-multi_evidence-3f53b266,2318.040167,
obqa-ad46544e57686c6b-direct-dce9f7cc,778.475750,
obqa-2231ec312efc70ca-paraphrase-031db293,1634.773708,
obqa-416d6118966fb2b0-direct-e89fcdfc,701.428041,
obqa-2eb6cb5c16ee452c-direct-bed451db,1033.215500,
obqa-dd6f801cd8969587-negative-a3cfe4cc,963.371792,
obqa-a6f27b9d9cb19379-paraphrase-c4932ace,785.405375,
obqa-e4da2283b5fe480f-paraphrase-03a89af7,871.618125,
obqa-826080d84c42d0c5-multi_evidence-c6a381dc,1047.193916,
obqa-eb01b992761f8c3e-direct-570f2ac2,977.586834,
obqa-2019e8c2bcbe2a24-paraphrase-6c04880a,969.521791,
obqa-eb01b992761f8c3e-direct-570f2ac2,897.489917,
obqa-34a29a3ed563f042-negative-46081cae,465.440667,
obqa-1b73fa9020ef49ea-negative-3d703c28,2498.545000,
obqa-ab941d7fc310d3fc-multi_evidence-568db3d1,4467.242709,
obqa-826080d84c42d0c5-multi_evidence-7757329a,8532.501041,
obqa-6985e62bb5163d5e-direct-c73ac9ba,1033.366417,
obqa-8fca1cf4cceb6092-direct-7b06437b,1720.889833,
obqa-d6e4895d2c418675-negative-29596271,1279.928375,
obqa-64dabdaae9bf7608-direct-ca71ec98,1276.227458,
obqa-788b80eb881e5190-negative-b9e0f1e2,1533.830042,
obqa-9bbe3a26cc069e08-direct-af9c82ca,1400.974875,
obqa-e176402f44c70d2f-direct-3fcb2417,897.292334,
obqa-ea3e00e31ea5ed99-multi_evidence-e80f90bb,1433.312333,
obqa-151fd81086caef59-multi_evidence-956a3d7e,3035.895583,
obqa-6985e62bb5163d5e-direct-c73ac9ba,1029.928417,
obqa-d623ef5d8cfa5fbc-paraphrase-c81a0a81,766.928583,
obqa-b4616d3bd5a23d3f-direct-f481c292,2641.479125,
obqa-bbc8225f7eb388b2-direct-36a738fc,1207.756708,
obqa-ad46544e57686c6b-negative-3156616a,884.129625,
obqa-f307d0516c93940f-multi_evidence-32ce76d4,1461.150458,
obqa-86ec9759857e7caa-direct-297ae0eb,655.668542,
obqa-bccccf03a0c7623b-paraphrase-b217388b,863.898333,
obqa-c02e125db9b802b0-negative-caff18a1,796.307291,
obqa-2ed9c8723715bc59-multi_evidence-536facd1,2817.629333,
obqa-79cf433a4ad16c18-paraphrase-08542f23,685.328583,
obqa-a13238548099e987-direct-74095566,1013.718542,
obqa-ab2ce231ba32674b-negative-5b323060,531.312208,
obqa-788b80eb881e5190-negative-b9e0f1e2,1631.555542,
obqa-3823cd141f0d5dab-negative-f3e628fd,639.664375,
obqa-ad46544e57686c6b-direct-dce9f7cc,846.771042,
obqa-2b614fba81bed15e-direct-2fc80dc1,914.011042,
obqa-e10cfe71d9949ef2-direct-7ca947cb,765.748250,
obqa-ea3e00e31ea5ed99-negative-ec63e5a7,574.817584,
obqa-d03027023965de50-direct-8b831945,625.521584,
obqa-8544b10060a964b9-direct-95399150,1183.603542,
obqa-375cf44c18ff5bb6-direct-08e3f3aa,2054.855250,
obqa-b0d3648727c18df1-direct-fc59af40,877.544666,
obqa-59a7db9dfa46bfd7-direct-a3c34766,1198.724667,
obqa-0ef8f600f52f06ab-paraphrase-b22e59c0,1065.575916,
obqa-d6e4895d2c418675-direct-b7f9ff53,698.470916,
obqa-9dddc186eaeca0c3-paraphrase-51cf3859,1334.522250,
obqa-4d037a4774036b80-multi_evidence-ae8490a4,3770.152791,
obqa-5289aee5dbaa20d5-paraphrase-fdeaf767,1029.887792,
obqa-e9884980a04a8c4e-direct-8fc95d57,1140.489250,
obqa-527d14b1225fad7e-paraphrase-3e97d63a,1023.932875,
obqa-c1be5cf72e11b47d-direct-de2a680b,981.380042,
obqa-2d385d89b0420ca8-multi_evidence-7087e8f8,1559.169250,
obqa-7e59685684ce6d7a-negative-ccb48753,989.586166,
obqa-9bbe3a26cc069e08-direct-af9c82ca,1466.188709,
obqa-efae46b8efc25abc-paraphrase-48e5afd9,833.508041,
obqa-31a0ccb66f34519d-negative-9c4940d7,614.479167,
obqa-ea3e00e31ea5ed99-direct-28893b0a,670.447125,
obqa-dea4d6ce67cffc8c-paraphrase-a6d6121e,1196.488542,
obqa-084924e91cdaa33f-direct-42e7e076,700.674000,
obqa-6a5947508a6806c8-direct-9797910d,1248.295709,
obqa-30ed09729577410c-direct-efd6c62a,1581.887250,
obqa-2c95892489e06676-negative-30d1122d,717.404625,
obqa-cb3aa294dbeffdd1-paraphrase-75e3ad45,1116.597125,
obqa-efae46b8efc25abc-paraphrase-48e5afd9,781.631125,
obqa-ea3e00e31ea5ed99-negative-ec63e5a7,563.517292,
obqa-3823cd141f0d5dab-negative-f3e628fd,618.616958,
obqa-5b93eb2b242d9869-direct-40e26cb9,865.865250,
obqa-2bab9f259fd15e15-multi_evidence-b975271c,1467.456917,
obqa-145b09320ed8b531-direct-516ec11d,878.938417,
obqa-607fcbb254608b94-multi_evidence-52f1cac2,3833.921167,
obqa-c8ff5cc9f619f375-multi_evidence-254f488c,1871.211500,
obqa-34a29a3ed563f042-direct-9a8fc262,1510.974750,
obqa-79b175cf1c2d1a4a-paraphrase-378e4ec0,1367.282167,
obqa-b6cb6289e5a068d4-multi_evidence-d60ac48c,1415.721416,
obqa-b0d3648727c18df1-direct-fc59af40,919.869708,
obqa-ab941d7fc310d3fc-multi_evidence-8b3cca5e,1729.515417,
obqa-dbd9b8ad34b39e8c-negative-9906a089,979.601583,
obqa-fa95768ca1a671a9-direct-c9a7abfd,568.707459,
obqa-1690463a38be2187-multi_evidence-aa43c4e5,1331.153917,
obqa-474f5fdc8847155c-direct-dbef2f62,717.148458,
obqa-bccccf03a0c7623b-paraphrase-b217388b,896.023959,
obqa-d02e2a29a4c5e9e4-direct-28390661,1017.871125,
obqa-e03cc6877ac7298b-direct-e2791bdf,934.327042,
obqa-8fca1cf4cceb6092-negative-a082a1a6,847.822209,
obqa-8792665c633af94f-paraphrase-d9115bb1,3867.451792,
obqa-6fd6e7e0292e493b-direct-efd5dae3,1084.216750,
obqa-d58a9c28f9fccc66-direct-0458fca9,2081.965917,
obqa-235f12c9a74b0f2b-direct-8fa3131e,897.356166,
obqa-9dddc186eaeca0c3-paraphrase-51cf3859,1481.971167,
obqa-8b789de1cbb8804c-paraphrase-c7e6ed97,1236.957500,
obqa-9fb018da4f42f8ea-multi_evidence-72a5ae3d,1678.092000,
obqa-826080d84c42d0c5-multi_evidence-a03c11a1,3701.445041,
obqa-f15262dc3be1c30e-direct-4cdc7699,5109.568875,
obqa-e120594632f5b024-direct-e29fed25,988.046333,
obqa-3823cd141f0d5dab-direct-2aeebc55,1282.081250,
obqa-2d385d89b0420ca8-multi_evidence-7087e8f8,1755.779459,
obqa-75732b64423dab26-direct-7c7ba8ab,1560.647542,
obqa-826080d84c42d0c5-direct-02aebb51,1019.740125,
obqa-767377fe44935fa3-direct-8a939ece,877.348459,
obqa-bee71ebfa059a602-paraphrase-ba185444,1069.657833,
obqa-375cf44c18ff5bb6-direct-08e3f3aa,2150.533250,
obqa-e9884980a04a8c4e-direct-8fc95d57,1137.265041,
obqa-75732b64423dab26-direct-7c7ba8ab,1544.744417,
obqa-2c23c5b418e96deb-paraphrase-bc3d598d,1049.862667,
obqa-5d0711a9b59e8d78-direct-daca25fd,1796.813458,
obqa-b5edb1ead32eca75-direct-c89fc2e3,2484.852000,
obqa-dc4afc4e1914d65f-direct-1b810eb7,3302.921417,
obqa-9ac08cae82653aea-direct-78d4ad26,1049.482375,
obqa-8c75be264d4fe7af-multi_evidence-606dd39b,3796.877167,
obqa-8fca1cf4cceb6092-negative-a082a1a6,846.809792,
obqa-c20f65defa41759c-negative-d80ca63e,884.566417,
obqa-826080d84c42d0c5-multi_evidence-ea763fd9,4230.660916,
obqa-1d719f0c14fe2474-direct-e95a368d,817.819541,
obqa-ad46544e57686c6b-negative-3156616a,989.147542,
obqa-b0d3648727c18df1-negative-295b9c42,742.661750,
obqa-826080d84c42d0c5-negative-9fd4b83e,632.116625,
obqa-59a7db9dfa46bfd7-direct-a3c34766,1331.387667,
obqa-efae46b8efc25abc-paraphrase-48e5afd9,853.454666,
obqa-235f12c9a74b0f2b-direct-8fa3131e,809.858791,
obqa-755002e67e84cc9b-direct-d420c097,817.915084,
obqa-ab941d7fc310d3fc-multi_evidence-1def7c1a,1365.141125,
obqa-d0a4e0d426e9fa03-paraphrase-551de3e4,1099.359875,
obqa-607fcbb254608b94-multi_evidence-52f1cac2,3833.347542,
obqa-301905c3e0fbe2d5-direct-3862ef03,1014.446209,
obqa-a13238548099e987-negative-6a3aeb38,1009.612209,
obqa-301905c3e0fbe2d5-direct-3862ef03,1024.773792,
obqa-bbc8225f7eb388b2-negative-dbd7157d,884.479542,
obqa-826080d84c42d0c5-multi_evidence-ea763fd9,3944.460000,
obqa-48d9bd7b07e92111-paraphrase-afaf6c17,983.743541,
obqa-3edcdd67e6240b32-paraphrase-e415da8c,1269.206042,
obqa-301905c3e0fbe2d5-direct-3862ef03,961.250584,
obqa-a71c5521e395abcf-multi_evidence-9fe5e8ed,3497.491416,
obqa-7e59685684ce6d7a-direct-b35c1c78,569.368625,
obqa-f8fcc1f6cc259003-direct-05c6c917,1255.394041,
obqa-1b73fa9020ef49ea-negative-3d703c28,3176.508459,
obqa-2acc5a0a2834031d-direct-0f5e9240,2734.760375,
obqa-41d895f02acaa443-paraphrase-39ea3ba1,2514.107833,
obqa-3f0c78112f15f48c-direct-dd8982e6,1426.985042,
obqa-f307d0516c93940f-paraphrase-4f73097c,1031.700458,
obqa-416d6118966fb2b0-direct-e89fcdfc,900.455834,
obqa-30ed09729577410c-negative-4dd957ed,874.773208,
obqa-29bb8e81107ecb3d-direct-29d1055d,999.971833,
obqa-9b0aceb2dd82360f-paraphrase-d76802fb,833.286708,
obqa-dd6f801cd8969587-direct-4c9eb9f2,826.391208,
obqa-92a2aa8495c0a40e-paraphrase-92587fb1,1522.308917,
obqa-1690463a38be2187-multi_evidence-5bb5afe6,1765.748500,
obqa-34a29a3ed563f042-negative-46081cae,514.637708,
obqa-1d719f0c14fe2474-negative-47be2b37,586.313708,
obqa-2acc5a0a2834031d-direct-0f5e9240,1196.033709,
obqa-3823cd141f0d5dab-negative-f3e628fd,700.170375,
obqa-ab2ce231ba32674b-direct-9cb38c52,1313.500250,
obqa-3fcdcf363ceb3a2b-direct-7437ba38,1183.536333,
obqa-037486d464937544-direct-555b64b7,1101.984541,
obqa-d6e4895d2c418675-direct-b7f9ff53,716.115375,
obqa-527d14b1225fad7e-paraphrase-3e97d63a,959.787042,
obqa-c02e125db9b802b0-direct-6c0f5863,646.597334,
obqa-c20f65defa41759c-negative-d80ca63e,823.986333,
obqa-7e59685684ce6d7a-negative-ccb48753,1020.142417,
obqa-cb3aa294dbeffdd1-paraphrase-75e3ad45,1163.581834,
obqa-151fd81086caef59-multi_evidence-956a3d7e,3301.044750,
obqa-3fcdcf363ceb3a2b-direct-7437ba38,1213.607667,
obqa-2019e8c2bcbe2a24-paraphrase-6c04880a,1030.495500,
obqa-c20f65defa41759c-negative-d80ca63e,823.039833,
obqa-0f51fbb65d1dbe9d-direct-202f07ac,1608.748875,
obqa-826d28d8fc3cf329-negative-0834a7ae,516.324042,
obqa-a6f27b9d9cb19379-multi_evidence-9aa4fcc3,2699.119042,
obqa-86ec9759857e7caa-negative-76775ff8,856.095334,
obqa-0ef8f600f52f06ab-paraphrase-b22e59c0,1108.608292,
obqa-f15262dc3be1c30e-multi_evidence-60ae8676,3518.339333,
obqa-a9320823c5d713db-paraphrase-35541696,1280.276375,
obqa-375cf44c18ff5bb6-multi_evidence-08ef71b1,9190.757000,
obqa-d7eacd3937e480b8-paraphrase-d4acd161,2208.914708,
obqa-5b93eb2b242d9869-direct-40e26cb9,967.931334,
obqa-c8ff5cc9f619f375-multi_evidence-254f488c,1870.989959,
obqa-f307d0516c93940f-multi_evidence-32ce76d4,1561.721583,
obqa-4d037a4774036b80-multi_evidence-ae8490a4,3512.208333,
obqa-b6cb6289e5a068d4-multi_evidence-d60ac48c,1299.613875,
obqa-a8418b28f96ecf6e-direct-67ed8301,998.130834,
obqa-2cf217ea0a1833f7-direct-54badc14,1407.772625,
obqa-2ed9c8723715bc59-multi_evidence-536facd1,2808.426916,
obqa-6f1e061c186e9978-negative-26b33474,492.571750,
obqa-d3cc94c8e3606a6a-paraphrase-a2185500,605.501875,
obqa-1b73fa9020ef49ea-direct-885b40b3,1104.635375,
obqa-fc29916bb0f8029f-direct-17cc8d87,877.677250,
obqa-fa95768ca1a671a9-direct-c9a7abfd,564.355375,
obqa-2c23c5b418e96deb-paraphrase-bc3d598d,948.752375,
obqa-375cf44c18ff5bb6-multi_evidence-ec37c759,8716.673375,
obqa-86ec9759857e7caa-negative-76775ff8,932.675542,
obqa-f307d0516c93940f-paraphrase-4f73097c,917.997166,
obqa-3d9890ad4bb92669-paraphrase-9af47b3e,598.780000,
obqa-1fe5b6db7948acb2-paraphrase-1034015e,1200.626958,
obqa-767377fe44935fa3-negative-1ed2babe,716.027916,
obqa-bbf67ebf4622acf7-paraphrase-fab10f40,1080.395792,
obqa-1b73fa9020ef49ea-direct-885b40b3,1083.130708,
obqa-ea3e00e31ea5ed99-direct-28893b0a,600.716667,
obqa-755002e67e84cc9b-direct-d420c097,764.612041,
obqa-8c75be264d4fe7af-direct-f2ee221a,1085.272667,
obqa-f15262dc3be1c30e-direct-4cdc7699,4555.025500,
obqa-b617504bfcd0271d-direct-5a8dd879,874.759042,
obqa-2019e8c2bcbe2a24-paraphrase-6c04880a,1058.113875,
obqa-968a321ff3dd19ae-direct-845ad942,1592.448792,
obqa-d0a4e0d426e9fa03-multi_evidence-8f3edd98,1181.531916,
obqa-2acc5a0a2834031d-direct-0f5e9240,1082.356459,
obqa-607fcbb254608b94-paraphrase-aded8701,1167.005750,
obqa-e6dd03f4f2ffe382-paraphrase-71278a47,834.723583,
obqa-788b80eb881e5190-negative-b9e0f1e2,1577.098834,
obqa-1d719f0c14fe2474-negative-47be2b37,518.786416,
obqa-145b09320ed8b531-negative-50046ca0,799.247042,
obqa-e176402f44c70d2f-direct-3fcb2417,968.552750,
obqa-750c52ac5166c08c-paraphrase-1b331edf,1112.511875,
obqa-9fb018da4f42f8ea-multi_evidence-72a5ae3d,1613.405417,
obqa-3d9890ad4bb92669-paraphrase-9af47b3e,554.407166,
obqa-8c75be264d4fe7af-multi_evidence-4520d588,8911.812375,
obqa-bbc8225f7eb388b2-direct-36a738fc,1214.585500,
obqa-1690463a38be2187-multi_evidence-5bb5afe6,1888.387792,
obqa-30ed09729577410c-negative-4dd957ed,833.944750,
obqa-86ec9759857e7caa-direct-297ae0eb,679.782666,
obqa-29bb8e81107ecb3d-direct-29d1055d,983.437500,
obqa-dd6f801cd8969587-direct-4c9eb9f2,831.704292,
obqa-826080d84c42d0c5-multi_evidence-7aa04140,8885.615167,
obqa-5d352f5c6f70d12c-direct-f6972cc4,1231.042125,
obqa-29bb8e81107ecb3d-direct-29d1055d,999.699458,
obqa-0f51fbb65d1dbe9d-direct-202f07ac,1700.764458,
obqa-71ae3d3576adde79-negative-2e680385,859.686792,
obqa-037486d464937544-multi_evidence-dfc67d79,3488.087042,
obqa-b8a91540adcaaf85-paraphrase-3d807b6d,1667.102875,
obqa-009bdee8969b22d8-multi_evidence-f7bd67c3,1095.579500,
obqa-8fca1cf4cceb6092-negative-a082a1a6,781.648333,
obqa-94388cacb4f03a82-direct-c2d2662c,2042.596083,
obqa-8c75be264d4fe7af-direct-f2ee221a,1054.870125,
obqa-c20f65defa41759c-negative-d80ca63e,768.191417,
obqa-2eb6cb5c16ee452c-direct-bed451db,1134.538792,
obqa-6e712a2341bd92e7-paraphrase-ba7a5f99,1171.296042,
obqa-71ae3d3576adde79-direct-09d04938,1990.805209,
obqa-a8418b28f96ecf6e-direct-67ed8301,953.495833,
obqa-9c28ef50f15e917b-paraphrase-e5d86c6e,997.860791,
obqa-755002e67e84cc9b-direct-d420c097,780.909625,
obqa-2d385d89b0420ca8-direct-40c3dba2,4314.425417,
obqa-0f51fbb65d1dbe9d-direct-202f07ac,1600.645958,
obqa-e10cfe71d9949ef2-direct-7ca947cb,816.947125,
obqa-6fd6e7e0292e493b-direct-efd5dae3,1133.170250,
obqa-8fca1cf4cceb6092-direct-7b06437b,1847.516417,
obqa-826080d84c42d0c5-direct-02aebb51,947.251291,
obqa-2d385d89b0420ca8-direct-40c3dba2,4506.151833,
obqa-ef36991298a44437-negative-1012b697,562.679541,
obqa-2b614fba81bed15e-direct-2fc80dc1,1059.186916,
obqa-e6dd03f4f2ffe382-paraphrase-71278a47,955.764833,
obqa-ab941d7fc310d3fc-multi_evidence-da144927,1566.028917,
obqa-30ed09729577410c-direct-efd6c62a,1551.510166,
obqa-ad46544e57686c6b-direct-dce9f7cc,929.335416,
obqa-d58a9c28f9fccc66-direct-0458fca9,2046.872709,
obqa-b6cb6289e5a068d4-multi_evidence-d60ac48c,1401.508417,
obqa-ebf45071ef67ccef-negative-b77e881d,801.986209,
obqa-ab941d7fc310d3fc-direct-bd022078,946.758208,
obqa-2eb6cb5c16ee452c-direct-bed451db,1182.182250,
obqa-ab941d7fc310d3fc-multi_evidence-568db3d1,4847.164250,
obqa-50d6ff42712d6500-direct-5b376ab4,806.356666,
obqa-9b0aceb2dd82360f-paraphrase-d76802fb,910.877833,
obqa-4ea3b05de392cb9b-direct-8bbb34e9,1981.074125,
obqa-826080d84c42d0c5-multi_evidence-c6a381dc,1038.314833,
obqa-a13238548099e987-negative-6a3aeb38,1016.083042,
obqa-ad46544e57686c6b-direct-dce9f7cc,944.148750,
obqa-6f1e061c186e9978-direct-f9484fe2,535.873292,
obqa-64dabdaae9bf7608-direct-ca71ec98,1379.665208,
obqa-e2f433c251a5638c-direct-9fba2388,1000.054833,
obqa-1690463a38be2187-multi_evidence-aa43c4e5,1383.351292,
obqa-1b73fa9020ef49ea-negative-3d703c28,2979.138083,
obqa-ab941d7fc310d3fc-multi_evidence-8b3cca5e,1740.294334,
obqa-b6cb6289e5a068d4-multi_evidence-d60ac48c,1431.616334,
obqa-8792665c633af94f-paraphrase-d9115bb1,4141.818083,
obqa-8c75be264d4fe7af-multi_evidence-2f1f24e4,9308.045250,
obqa-037486d464937544-direct-555b64b7,1230.187125,
obqa-9be88cdf4e790b52-direct-aa7f2fe4,1250.872708,
obqa-767377fe44935fa3-negative-1ed2babe,764.364083,
obqa-9b0aceb2dd82360f-paraphrase-d76802fb,898.850292,
obqa-826d28d8fc3cf329-direct-e9fd28f4,998.371375,
obqa-dea4d6ce67cffc8c-paraphrase-a6d6121e,1187.918375,
obqa-1690463a38be2187-multi_evidence-aa43c4e5,1295.728000,
obqa-037486d464937544-multi_evidence-dfc67d79,3613.392000,
obqa-8544b10060a964b9-direct-95399150,1217.751375,
obqa-dbd9b8ad34b39e8c-direct-1644ed6a,1063.653333,
obqa-a8418b28f96ecf6e-negative-ec1ec7c3,1632.577375,
obqa-31a0ccb66f34519d-negative-9c4940d7,653.225666,
obqa-037486d464937544-multi_evidence-dfc67d79,3747.684291,
obqa-2b614fba81bed15e-negative-d3256330,1130.729750,
obqa-968a321ff3dd19ae-negative-59e55ca9,650.049709,
obqa-79cf433a4ad16c18-paraphrase-08542f23,813.155250,
obqa-71ae3d3576adde79-negative-2e680385,906.690375,
obqa-a9320823c5d713db-paraphrase-35541696,1378.862458,
obqa-826d28d8fc3cf329-direct-e9fd28f4,970.066417,
obqa-151fd81086caef59-multi_evidence-956a3d7e,3174.524500,
obqa-ac3467bfb96e2267-paraphrase-0471282f,966.813042,
obqa-34a29a3ed563f042-direct-9a8fc262,1399.853833,
obqa-826d28d8fc3cf329-negative-0834a7ae,582.566666,
obqa-826080d84c42d0c5-direct-02aebb51,1014.586750,
obqa-1690463a38be2187-direct-fb782819,835.181875,
obqa-bbc8225f7eb388b2-direct-36a738fc,1165.178083,
obqa-eb01b992761f8c3e-negative-1aba0d62,1381.253167,
obqa-3d9890ad4bb92669-paraphrase-9af47b3e,570.670250,
obqa-5d352f5c6f70d12c-direct-f6972cc4,1219.242166,
obqa-826080d84c42d0c5-multi_evidence-ea763fd9,4028.825750,
obqa-e120594632f5b024-direct-e29fed25,927.733917,
obqa-7605d9cc57646111-paraphrase-858906eb,1188.754958,
obqa-3f0c78112f15f48c-direct-dd8982e6,1130.349875,
obqa-9ac08cae82653aea-direct-78d4ad26,1050.659625,
obqa-416d6118966fb2b0-direct-e89fcdfc,870.484958,
obqa-7605d9cc57646111-paraphrase-858906eb,1173.411417,
obqa-375cf44c18ff5bb6-multi_evidence-08ef71b1,9152.001792,
obqa-34a29a3ed563f042-direct-9a8fc262,1428.907375,
obqa-755002e67e84cc9b-direct-d420c097,818.995250,
obqa-4ea3b05de392cb9b-direct-8bbb34e9,2014.830250,
obqa-7605d9cc57646111-paraphrase-858906eb,1134.866917,
obqa-ac3467bfb96e2267-paraphrase-0471282f,952.251916,
obqa-6f1e061c186e9978-negative-26b33474,529.176791,
obqa-826d28d8fc3cf329-direct-e9fd28f4,939.310250,
obqa-bcb942c597719b4c-direct-1ed1fb1e,1926.377625,
obqa-037486d464937544-multi_evidence-dfc67d79,4116.798417,
obqa-2c95892489e06676-negative-30d1122d,826.467375,
obqa-9be88cdf4e790b52-negative-cf2eb02d,1610.428250,
obqa-7e59685684ce6d7a-direct-b35c1c78,586.633625,
obqa-64dabdaae9bf7608-negative-b65e0ec6,1193.248417,
obqa-474f5fdc8847155c-direct-dbef2f62,667.994625,
obqa-826080d84c42d0c5-multi_evidence-7aa04140,9144.289500,
obqa-ab941d7fc310d3fc-multi_evidence-1def7c1a,1530.515625,
obqa-8c75be264d4fe7af-multi_evidence-4520d588,9217.425166,
obqa-d2915c285e295462-direct-9143a7e6,888.367791,
obqa-bbc8225f7eb388b2-direct-36a738fc,1311.661333,
obqa-145b09320ed8b531-direct-516ec11d,957.938833,
obqa-1d719f0c14fe2474-direct-e95a368d,803.473500,
obqa-1690463a38be2187-multi_evidence-5bb5afe6,1784.637583,
obqa-6cee97d9869f4d9c-paraphrase-3da0f13b,2291.518459,
obqa-dea4d6ce67cffc8c-paraphrase-a6d6121e,1138.259583,
obqa-30ed09729577410c-negative-4dd957ed,831.354125,
obqa-e03cc6877ac7298b-direct-e2791bdf,983.407125,
obqa-6f1e061c186e9978-direct-f9484fe2,565.318416,
obqa-084924e91cdaa33f-direct-42e7e076,682.210042,
obqa-ef1d32bfeafb4a4c-paraphrase-1c1b8a5f,2234.052000,
obqa-3fcdcf363ceb3a2b-direct-7437ba38,1150.122542,
obqa-31a0ccb66f34519d-direct-f1ff4466,1315.027458,
obqa-d22e1e906ac74737-multi_evidence-7ccd39d9,1795.996000,
obqa-d0a4e0d426e9fa03-multi_evidence-8f3edd98,1269.791542,
obqa-fa95768ca1a671a9-negative-fb4f2d11,556.943709,
obqa-8fca1cf4cceb6092-direct-7b06437b,1838.159625,
obqa-ea3e00e31ea5ed99-multi_evidence-e80f90bb,1471.140792,
obqa-2d385d89b0420ca8-direct-40c3dba2,4565.364208,
obqa-826d28d8fc3cf329-direct-e9fd28f4,1011.806916,
obqa-607fcbb254608b94-multi_evidence-25c5e533,4035.641875,
obqa-e120594632f5b024-direct-e29fed25,975.278416,
obqa-50d6ff42712d6500-direct-5b376ab4,811.475667,
obqa-a8418b28f96ecf6e-negative-ec1ec7c3,1595.271750,
obqa-b8a91540adcaaf85-paraphrase-3d807b6d,1813.794791,
obqa-ebf45071ef67ccef-negative-b77e881d,766.782250,
obqa-88f5916addb09a9b-paraphrase-51183c46,4748.553208,
obqa-151fd81086caef59-multi_evidence-956a3d7e,3332.818917,
obqa-f307d0516c93940f-multi_evidence-32ce76d4,1635.173667,
obqa-b4616d3bd5a23d3f-direct-f481c292,2764.678167,
obqa-dd6f801cd8969587-direct-4c9eb9f2,862.911209,
obqa-1690463a38be2187-direct-fb782819,852.315125,
obqa-e120594632f5b024-direct-e29fed25,924.295583,
obqa-7e59685684ce6d7a-negative-ccb48753,995.894667,
obqa-e4da2283b5fe480f-paraphrase-03a89af7,893.736458,
obqa-c1be5cf72e11b47d-direct-de2a680b,1008.286375,
obqa-73a6e7fb65108485-negative-c45d3ba9,595.986042,
obqa-b4a5c8b481f1c190-multi_evidence-2f7320cf,1760.118917,
obqa-826080d84c42d0c5-multi_evidence-c6a381dc,1049.579250,
obqa-3823cd141f0d5dab-direct-2aeebc55,1151.815875,
obqa-79cf433a4ad16c18-paraphrase-08542f23,747.904750,
obqa-8544b10060a964b9-direct-95399150,1146.872291,
obqa-145b09320ed8b531-negative-50046ca0,842.747250,
obqa-607fcbb254608b94-multi_evidence-25c5e533,3926.937333,
obqa-a1437d463a5eb8d1-direct-ef76b42b,1183.240083,
obqa-767377fe44935fa3-negative-1ed2babe,764.608542,
obqa-e2a9b279f09c7ffe-paraphrase-33d239eb,639.045458,
obqa-c1be5cf72e11b47d-direct-de2a680b,1049.291125,
obqa-e2a9b279f09c7ffe-paraphrase-33d239eb,661.532708,
obqa-1690463a38be2187-direct-fb782819,898.120917,
obqa-ef36991298a44437-negative-1012b697,599.128500,
obqa-2c23c5b418e96deb-paraphrase-bc3d598d,982.477833,
obqa-d0a4e0d426e9fa03-paraphrase-551de3e4,1097.149792,
obqa-190dd784dfc1ad61-direct-9fa4dc50,1000.489750,
obqa-7e59685684ce6d7a-direct-b35c1c78,583.042333,
obqa-009bdee8969b22d8-multi_evidence-f7bd67c3,1095.939125,
obqa-6cee97d9869f4d9c-paraphrase-3da0f13b,2283.572125,
obqa-8c75be264d4fe7af-multi_evidence-606dd39b,3535.172875,
obqa-145b09320ed8b531-negative-50046ca0,746.559750,
obqa-e9884980a04a8c4e-direct-8fc95d57,1015.811875,
obqa-826080d84c42d0c5-multi_evidence-a03c11a1,3465.327292,
obqa-a71c5521e395abcf-paraphrase-59ff70e7,766.513250,
obqa-bccccf03a0c7623b-paraphrase-b217388b,932.817250,
obqa-92a2aa8495c0a40e-paraphrase-92587fb1,1714.417041,
obqa-ebf45071ef67ccef-direct-46299165,586.509375,
obqa-788b80eb881e5190-direct-d394c014,1527.489584,
obqa-ab941d7fc310d3fc-multi_evidence-da144927,1470.758958,
obqa-b8a0b43c5a22ac40-multi_evidence-88e3612d,2029.389875,
obqa-ebf45071ef67ccef-direct-46299165,585.990667,
obqa-3d3a95f67b53508b-direct-3a8a0ce9,931.477833,
obqa-ab2ce231ba32674b-direct-9cb38c52,1350.913541,
obqa-2019e8c2bcbe2a24-paraphrase-6c04880a,996.638875,
obqa-e6dd03f4f2ffe382-paraphrase-71278a47,816.015083,
obqa-d6e4895d2c418675-negative-29596271,1299.139083,
obqa-fa95768ca1a671a9-direct-c9a7abfd,552.334166,
obqa-ab941d7fc310d3fc-multi_evidence-5fad61c5,9479.937958,
obqa-190dd784dfc1ad61-direct-9fa4dc50,949.595250,
obqa-ac3467bfb96e2267-paraphrase-0471282f,899.830750,
obqa-1690463a38be2187-direct-fb782819,799.729667,
obqa-3d3a95f67b53508b-direct-3a8a0ce9,883.606583,
obqa-c20f65defa41759c-direct-2e124913,830.811750,
obqa-6a5947508a6806c8-direct-9797910d,1281.873000,
obqa-e120594632f5b024-negative-143dedaa,2485.385000,
obqa-ab2ce231ba32674b-direct-9cb38c52,1351.038416,
obqa-c20f65defa41759c-direct-2e124913,813.468084,
obqa-5d0711a9b59e8d78-direct-daca25fd,1600.186250,
obqa-ab2ce231ba32674b-direct-9cb38c52,1344.302417,
obqa-ef36991298a44437-direct-0d50da7c,807.193167,
obqa-d3cc94c8e3606a6a-paraphrase-a2185500,630.027833,
obqa-ad46544e57686c6b-negative-3156616a,902.457209,
obqa-6c6b1c16a62e2537-multi_evidence-6d7d0b36,1917.197458,
obqa-0ef8f600f52f06ab-paraphrase-b22e59c0,1112.681209,
obqa-b7a6353fee60d1ec-direct-e692af00,913.312958,
obqa-6e90a0e7edd2e0b7-paraphrase-1be7d593,1134.505208,
obqa-dc4afc4e1914d65f-direct-1b810eb7,3015.026584,
obqa-c02e125db9b802b0-direct-6c0f5863,635.143375,
obqa-f15262dc3be1c30e-multi_evidence-60ae8676,3759.373209,
obqa-2d385d89b0420ca8-multi_evidence-7087e8f8,1806.274250,
obqa-c1be5cf72e11b47d-direct-de2a680b,1066.632292,
obqa-2d385d89b0420ca8-direct-40c3dba2,4080.894500,
obqa-86ec9759857e7caa-negative-76775ff8,673.690125,
obqa-b7a6353fee60d1ec-negative-3b3d4667,1000.792833,
obqa-d7eacd3937e480b8-paraphrase-d4acd161,785.837833,
obqa-826080d84c42d0c5-multi_evidence-7757329a,3129.510167,
obqa-26d2ad25e2c7794d-multi_evidence-33582d6b,1246.788083,
obqa-3f0c78112f15f48c-direct-dd8982e6,563.940875,
obqa-151fd81086caef59-negative-6888f8af,447.291042,
obqa-d03027023965de50-negative-87d14304,395.920291,
obqa-a71c5521e395abcf-multi_evidence-9fe5e8ed,1305.301292,
obqa-ea3e00e31ea5ed99-negative-ec63e5a7,291.334834,
obqa-4d037a4774036b80-multi_evidence-ae8490a4,1271.494583,
obqa-826080d84c42d0c5-multi_evidence-c6a381dc,440.999625,
obqa-09b60e701d80589d-paraphrase-e5492d91,492.417666,
obqa-bee71ebfa059a602-paraphrase-ba185444,442.698708,
obqa-6985e62bb5163d5e-direct-c73ac9ba,457.058625,
obqa-fc29916bb0f8029f-direct-17cc8d87,389.551584,
obqa-c02e125db9b802b0-negative-caff18a1,363.855667,
obqa-d7eacd3937e480b8-paraphrase-d4acd161,775.499417,
obqa-ea3e00e31ea5ed99-direct-28893b0a,293.151541,
obqa-2b614fba81bed15e-negative-d3256330,437.078000,
obqa-0e108c1838d5195d-direct-1ac1a1c5,281.224417,
obqa-b8a91540adcaaf85-paraphrase-3d807b6d,677.348042,
obqa-bbc8225f7eb388b2-negative-dbd7157d,358.164375,
obqa-bbc8225f7eb388b2-negative-dbd7157d,346.654416,
obqa-26515e5baae4f8cc-direct-5a30ff7e,417.250416,
obqa-eb01b992761f8c3e-negative-1aba0d62,535.807459,
obqa-037486d464937544-multi_evidence-c81defcb,598.826167,
obqa-94388cacb4f03a82-direct-c2d2662c,778.772834,
obqa-527d14b1225fad7e-paraphrase-3e97d63a,399.927750,
obqa-ef36991298a44437-negative-1012b697,277.672750,
obqa-efae46b8efc25abc-paraphrase-48e5afd9,375.042708,
obqa-826080d84c42d0c5-multi_evidence-ea763fd9,1392.240292,
obqa-b0d3648727c18df1-negative-295b9c42,343.563708,
obqa-ab941d7fc310d3fc-multi_evidence-8b3cca5e,680.267250,
obqa-73a6e7fb65108485-direct-e758c4bc,292.032291,
obqa-64dabdaae9bf7608-direct-ca71ec98,548.351708,
obqa-6e90a0e7edd2e0b7-paraphrase-1be7d593,472.929666,
obqa-084924e91cdaa33f-negative-09b80964,475.322041,
obqa-6fd6e7e0292e493b-negative-25baa1e0,452.341125,
obqa-cd7dba3d5ae0114d-direct-b2920c6b,436.284166,
obqa-6c6b1c16a62e2537-multi_evidence-6d7d0b36,714.645000,
obqa-151fd81086caef59-multi_evidence-956a3d7e,1146.477667,
obqa-826080d84c42d0c5-multi_evidence-7cbeda08,3329.348000,
obqa-9bbe3a26cc069e08-direct-af9c82ca,656.419958,
obqa-a6f27b9d9cb19379-paraphrase-c4932ace,407.648916,
obqa-31a0ccb66f34519d-negative-9c4940d7,306.760000,
obqa-9be88cdf4e790b52-direct-aa7f2fe4,523.647375,
obqa-4d037a4774036b80-multi_evidence-3f53b266,964.004791,
obqa-73a6e7fb65108485-direct-e758c4bc,264.543958,
obqa-30ed09729577410c-direct-efd6c62a,587.956458,
obqa-d3cc94c8e3606a6a-paraphrase-a2185500,284.378708,
obqa-9dddc186eaeca0c3-paraphrase-51cf3859,537.012500,
obqa-375cf44c18ff5bb6-multi_evidence-ec37c759,3161.095833,
obqa-2d385d89b0420ca8-direct-40c3dba2,1832.953000,
obqa-607fcbb254608b94-multi_evidence-25c5e533,1567.113250,
obqa-2c6bea15f5dffb05-negative-03529429,350.499708,
obqa-e120594632f5b024-direct-e29fed25,410.322083,
obqa-375cf44c18ff5bb6-multi_evidence-dce89bb2,1538.956375,
obqa-ef1d32bfeafb4a4c-paraphrase-1c1b8a5f,871.751791,
obqa-f15262dc3be1c30e-multi_evidence-60ae8676,1330.276792,
obqa-e6dd03f4f2ffe382-paraphrase-71278a47,368.759041,
obqa-d02e2a29a4c5e9e4-multi_evidence-03d54ca4,579.185666,
obqa-48d9bd7b07e92111-paraphrase-afaf6c17,395.866959,
obqa-9be88cdf4e790b52-direct-aa7f2fe4,491.872208,
obqa-1d719f0c14fe2474-direct-e95a368d,327.730292,
obqa-c2926ee062959d0a-paraphrase-9fa37661,1064.438750,
obqa-efae46b8efc25abc-paraphrase-48e5afd9,343.673667,
obqa-ab941d7fc310d3fc-multi_evidence-da144927,558.987000,
obqa-4d037a4774036b80-multi_evidence-3f53b266,924.123667,
obqa-826080d84c42d0c5-multi_evidence-7757329a,3350.666542,
obqa-ef36991298a44437-negative-1012b697,274.868291,
obqa-5d0711a9b59e8d78-direct-daca25fd,684.575917,
obqa-0e108c1838d5195d-direct-1ac1a1c5,270.341750,
obqa-e2f433c251a5638c-direct-9fba2388,430.066292,
obqa-ab941d7fc310d3fc-direct-bd022078,401.104625,
obqa-009bdee8969b22d8-multi_evidence-f7bd67c3,459.713542,
obqa-f15262dc3be1c30e-direct-4cdc7699,1667.095250,
obqa-235f12c9a74b0f2b-direct-8fa3131e,333.094291,
obqa-f7db8e8907517f0e-multi_evidence-e29b2abe,493.052084,
obqa-755002e67e84cc9b-direct-d420c097,335.630834,
obqa-5b93eb2b242d9869-direct-40e26cb9,389.923834,
obqa-26515e5baae4f8cc-direct-5a30ff7e,421.180208,
obqa-ebf45071ef67ccef-direct-46299165,258.852917,
obqa-26515e5baae4f8cc-direct-5a30ff7e,420.954375,
obqa-ab941d7fc310d3fc-direct-bd022078,378.645167,
obqa-d00e12bf41616fda-multi_evidence-876dc660,633.743625,
obqa-6cee97d9869f4d9c-paraphrase-3da0f13b,855.600083,
obqa-9bbe3a26cc069e08-direct-af9c82ca,566.639417,
obqa-c20f65defa41759c-direct-2e124913,339.425500,
obqa-3d9890ad4bb92669-paraphrase-9af47b3e,261.874792,
obqa-640100d1d41af60f-paraphrase-71179b7a,389.138542,
obqa-d58a9c28f9fccc66-direct-0458fca9,737.464291,
obqa-ef1d32bfeafb4a4c-paraphrase-1c1b8a5f,842.685583,
obqa-f307d0516c93940f-paraphrase-4f73097c,362.263750,
obqa-6f1e061c186e9978-direct-f9484fe2,260.577250,
obqa-b6cb6289e5a068d4-multi_evidence-d60ac48c,532.782709,
obqa-7605d9cc57646111-paraphrase-858906eb,458.214500,
obqa-9be88cdf4e790b52-negative-cf2eb02d,572.837666,
obqa-826d28d8fc3cf329-negative-0834a7ae,245.167000,
obqa-2cf217ea0a1833f7-direct-54badc14,524.104500,
obqa-5289aee5dbaa20d5-paraphrase-fdeaf767,396.967916,
obqa-9f23e34a6f76ace6-paraphrase-5c661dcb,472.862166,
obqa-73a6e7fb65108485-negative-c45d3ba9,257.336000,
obqa-474f5fdc8847155c-direct-dbef2f62,306.714500,
obqa-ad46544e57686c6b-direct-dce9f7cc,378.591167,
obqa-eb01b992761f8c3e-direct-570f2ac2,412.565041,
obqa-301905c3e0fbe2d5-direct-3862ef03,403.282458,
obqa-084924e91cdaa33f-negative-09b80964,501.910667,
obqa-1690463a38be2187-negative-f14313a6,465.697959,
obqa-2c6bea15f5dffb05-negative-03529429,342.540792,
obqa-d0a4e0d426e9fa03-paraphrase-551de3e4,460.183042,
obqa-1690463a38be2187-negative-f14313a6,461.995542,
obqa-6e712a2341bd92e7-paraphrase-ba7a5f99,486.154750,
obqa-41d895f02acaa443-paraphrase-39ea3ba1,819.355959,
obqa-d6e4895d2c418675-negative-29596271,528.725583,
obqa-151fd81086caef59-negative-6888f8af,378.530916,
obqa-375cf44c18ff5bb6-direct-08e3f3aa,742.815375,
obqa-dd6f801cd8969587-negative-a3cfe4cc,442.101792,
