row_id,term,target_sense,prompt,expected_safe_behavior,expected_cue,risk_level,baseline_decision,baseline_selected_sense,baseline_continuation,provider_decision,provider_selected_sense,provider_continuation,baseline_reasons,provider_reasons,provider_memory_hits,changed,newly_continued,newly_audited,provider_influenced
kp-v1-001,bank,financial_institution,The customer opened a savings account at the bank,continue,account,low,continue,financial_institution,The customer opened a savings account at the bank and completed the transaction,continue,financial_institution,The customer opened a savings account at the bank and completed the transaction,top_sense=financial_institution | top_score=2 | second_score=0 | margin=2 | score_and_margin_above_thresholds,top_sense=financial_institution | top_score=2 | second_score=0 | margin=2 | score_and_margin_above_thresholds,term=bank | cue=account -> financial_institution | positive_cue=account -> financial_institution | cue=customer -> financial_institution | positive_cue=customer -> financial_institution | realization_type=neutral_extension | semantic_frame_intent=transaction | renderer=semantic_renderer_v2 | candidate_count=1 | selected_candidate=and completed the transaction | surface_repair=clean | subject_action_validator=passed | prompt_tail_validator=passed | prompt_tail_evidence=prompt_tail=no_special_tail | selected_sense=financial_institution,no,no,no,no
kp-v1-002,bank,financial_institution,She asked the teller for an ATM card at the bank,continue,teller,low,continue,financial_institution,She asked the teller for an ATM card at the bank and completed the transaction,continue,financial_institution,She asked the teller for an ATM card at the bank and completed the transaction,top_sense=financial_institution | top_score=2 | second_score=0 | margin=2 | score_and_margin_above_thresholds,top_sense=financial_institution | top_score=3 | second_score=0 | margin=3 | score_and_margin_above_thresholds,term=bank | cue=teller -> financial_institution | positive_cue=teller -> financial_institution | cue=card -> financial_institution | positive_cue=card -> financial_institution | cue=atm -> financial_institution | positive_cue=atm -> financial_institution | realization_type=neutral_extension | semantic_frame_intent=transaction | renderer=semantic_renderer_v2 | candidate_count=1 | selected_candidate=and completed the transaction | surface_repair=clean | subject_action_validator=passed | prompt_tail_validator=passed | prompt_tail_evidence=prompt_tail=no_special_tail | selected_sense=financial_institution | accepted_memory_provider=enabled | accepted_memory_version=accepted_knowledge_memory_v1 | accepted_memory_items_loaded=221 | provider_cue=atm -> bank:financial_institution,no,no,no,yes
kp-v1-003,bank,financial_institution,He checked the interest rate on his loan at the bank,continue,interest,low,continue,financial_institution,He checked the interest rate on his loan at the bank and completed the transaction,continue,financial_institution,He checked the interest rate on his loan at the bank and completed the transaction,top_sense=financial_institution | top_score=1 | second_score=0 | margin=1 | score_and_margin_above_thresholds,top_sense=financial_institution | top_score=2 | second_score=0 | margin=2 | score_and_margin_above_thresholds,term=bank | cue=loan -> financial_institution | positive_cue=loan -> financial_institution | cue=interest -> financial_institution | positive_cue=interest -> financial_institution | realization_type=neutral_extension | semantic_frame_intent=transaction | renderer=semantic_renderer_v2 | candidate_count=1 | selected_candidate=and completed the transaction | surface_repair=clean | subject_action_validator=passed | prompt_tail_validator=passed | prompt_tail_evidence=prompt_tail=no_special_tail | selected_sense=financial_institution | accepted_memory_provider=enabled | accepted_memory_version=accepted_knowledge_memory_v1 | accepted_memory_items_loaded=221 | provider_cue=interest -> bank:financial_institution,no,no,no,yes
kp-v1-004,bank,financial_institution,The bank branch processed the check and credited the account,continue,branch,low,continue,financial_institution,The bank branch processed the check and credited the account and completed the transaction,continue,financial_institution,The bank branch processed the check and credited the account and completed the transaction,top_sense=financial_institution | top_score=1 | second_score=0 | margin=1 | score_and_margin_above_thresholds,top_sense=financial_institution | top_score=3 | second_score=0 | margin=3 | score_and_margin_above_thresholds,term=bank | cue=account -> financial_institution | positive_cue=account -> financial_institution | cue=check -> financial_institution | positive_cue=check -> financial_institution | cue=branch -> financial_institution | positive_cue=branch -> financial_institution | realization_type=neutral_extension | semantic_frame_intent=transaction | renderer=semantic_renderer_v2 | candidate_count=1 | selected_candidate=and completed the transaction | surface_repair=clean | subject_action_validator=passed | prompt_tail_validator=passed | prompt_tail_evidence=prompt_tail=no_special_tail | selected_sense=financial_institution | accepted_memory_provider=enabled | accepted_memory_version=accepted_knowledge_memory_v1 | accepted_memory_items_loaded=221 | provider_cue=check -> bank:financial_institution | provider_cue=branch -> bank:financial_institution,no,no,no,yes
kp-v1-005,bank,financial_institution,The bank beside the reeds also had a branch office for savings,audit,savings,medium,continue,river_edge,The bank beside the reeds also had a branch office for savings and watched the current,audit,,,top_sense=river_edge | top_score=1 | second_score=0 | margin=1 | score_and_margin_above_thresholds,top_sense=financial_institution | top_score=1 | second_score=1 | margin=0 | conflict_detected | audit_reason=low_margin_conflict,term=bank | cue=branch -> financial_institution | positive_cue=branch -> financial_institution | cue=reeds -> river_edge | positive_cue=reeds -> river_edge | conflict_detected | accepted_memory_provider=enabled | accepted_memory_version=accepted_knowledge_memory_v1 | accepted_memory_items_loaded=221 | provider_cue=branch -> bank:financial_institution,yes,no,yes,yes
kp-v1-006,bank,river_edge,The fishermen cast their lines from the bank of the river,continue,fishermen,low,continue,river_edge,The fishermen cast their lines from the bank of the river and watched the current,continue,river_edge,The fishermen cast their lines from the bank of the river and watched the current,top_sense=river_edge | top_score=1 | second_score=0 | margin=1 | score_and_margin_above_thresholds,top_sense=river_edge | top_score=2 | second_score=0 | margin=2 | score_and_margin_above_thresholds,term=bank | cue=river -> river_edge | positive_cue=river -> river_edge | cue=fishermen -> river_edge | positive_cue=fishermen -> river_edge | realization_type=neutral_extension | semantic_frame_intent=river_edge_activity | renderer=semantic_renderer_v2 | candidate_count=1 | selected_candidate=and watched the current | surface_repair=clean | subject_action_validator=passed | prompt_tail_validator=passed | prompt_tail_evidence=prompt_tail=no_special_tail | selected_sense=river_edge | accepted_memory_provider=enabled | accepted_memory_version=accepted_knowledge_memory_v1 | accepted_memory_items_loaded=221 | provider_cue=fishermen -> bank:river_edge,no,no,no,yes
kp-v1-007,bank,river_edge,Tall reeds and grass grew along the bank beside the stream,continue,reed,low,continue,river_edge,Tall reeds and grass grew along the bank beside the stream and watched the current,continue,river_edge,Tall reeds and grass grew along the bank beside the stream and watched the current,top_sense=river_edge | top_score=2 | second_score=0 | margin=2 | score_and_margin_above_thresholds,top_sense=river_edge | top_score=3 | second_score=0 | margin=3 | score_and_margin_above_thresholds,term=bank | cue=stream -> river_edge | positive_cue=stream -> river_edge | cue=reeds -> river_edge | positive_cue=reeds -> river_edge | cue=grass -> river_edge | positive_cue=grass -> river_edge | realization_type=neutral_extension | semantic_frame_intent=river_edge_activity | renderer=semantic_renderer_v2 | candidate_count=1 | selected_candidate=and watched the current | surface_repair=clean | subject_action_validator=passed | prompt_tail_validator=passed | prompt_tail_evidence=prompt_tail=no_special_tail | selected_sense=river_edge | accepted_memory_provider=enabled | accepted_memory_version=accepted_knowledge_memory_v1 | accepted_memory_items_loaded=221 | provider_cue=grass -> bank:river_edge,no,no,no,yes
kp-v1-008,bank,river_edge,Floodwater rose over the bank and soaked the soil,continue,floodwater,low,audit,,,continue,river_edge,Floodwater rose over the bank and soaked the soil and watched the current,all_sense_scores_zero,top_sense=river_edge | top_score=2 | second_score=0 | margin=2 | score_and_margin_above_thresholds,term=bank | cue=floodwater -> river_edge | positive_cue=floodwater -> river_edge | cue=soil -> river_edge | positive_cue=soil -> river_edge | realization_type=neutral_extension | semantic_frame_intent=river_edge_activity | renderer=semantic_renderer_v2 | candidate_count=1 | selected_candidate=and watched the current | surface_repair=clean | subject_action_validator=passed | prompt_tail_validator=passed | prompt_tail_evidence=prompt_tail=no_special_tail | selected_sense=river_edge | accepted_memory_provider=enabled | accepted_memory_version=accepted_knowledge_memory_v1 | accepted_memory_items_loaded=221 | provider_cue=floodwater -> bank:river_edge | provider_cue=soil -> bank:river_edge,yes,yes,no,yes
kp-v1-009,bank,river_edge,The grassy bank beside the stream dropped into the current below,continue,grass,low,continue,river_edge,The grassy bank beside the stream dropped into the current below and watched it,continue,river_edge,The grassy bank beside the stream dropped into the current below and watched it,top_sense=river_edge | top_score=2 | second_score=0 | margin=2 | score_and_margin_above_thresholds,top_sense=river_edge | top_score=2 | second_score=0 | margin=2 | score_and_margin_above_thresholds,term=bank | cue=stream -> river_edge | positive_cue=stream -> river_edge | cue=current -> river_edge | positive_cue=current -> river_edge | realization_type=neutral_extension | semantic_frame_intent=river_edge_activity | renderer=semantic_renderer_v2 | candidate_count=1 | selected_candidate=and watched the current | surface_repair=applied | subject_action_validator=passed | coreference_repair=applied | surface_repair_rule=coreference_pronoun | prompt_tail_validator=passed | prompt_tail_evidence=prompt_tail=no_special_tail | repaired_candidate=and watched it | selected_sense=river_edge,no,no,no,no
kp-v1-010,bank,river_edge,The bank manager noticed reeds growing across the river near the branch,audit,reed,medium,audit,,,audit,,,top_sense=river_edge | top_score=2 | second_score=1 | margin=1 | conflict_detected | audit_reason=low_margin_conflict,top_sense=financial_institution | top_score=2 | second_score=2 | margin=0 | conflict_detected | audit_reason=low_margin_conflict,term=bank | cue=manager -> financial_institution | positive_cue=manager -> financial_institution | cue=branch -> financial_institution | positive_cue=branch -> financial_institution | cue=river -> river_edge | positive_cue=river -> river_edge | cue=reeds -> river_edge | positive_cue=reeds -> river_edge | conflict_detected | accepted_memory_provider=enabled | accepted_memory_version=accepted_knowledge_memory_v1 | accepted_memory_items_loaded=221 | provider_cue=branch -> bank:financial_institution,no,no,no,yes
kp-v1-011,bat,animal,The bat roosted in the rafters of the old barn at dusk,continue,roost,low,continue,animal,The bat roosted in the rafters of the old barn at dusk and searched for insects,continue,animal,The bat roosted in the rafters of the old barn at dusk and searched for insects,top_sense=animal | top_score=1 | second_score=0 | margin=1 | score_and_margin_above_thresholds,top_sense=animal | top_score=1 | second_score=0 | margin=1 | score_and_margin_above_thresholds,term=bat | cue=dusk -> animal | positive_cue=dusk -> animal | realization_type=neutral_extension | semantic_frame_intent=animal_behavior | renderer=semantic_renderer_v2 | candidate_count=2 | selected_candidate=and searched for insects | surface_repair=clean | subject_action_validator=passed | prompt_tail_validator=passed | prompt_tail_evidence=prompt_tail=no_special_tail | selected_sense=animal,no,no,no,no
kp-v1-012,bat,animal,Bats use echolocation to hunt insects in the dark,continue,echolocation,low,audit,,,audit,,,no_ambiguous_term,no_ambiguous_term,,no,no,no,no
kp-v1-013,bat,animal,The bat hung from the ceiling with its membrane wings folded,continue,membrane,low,continue,animal,The bat hung from the ceiling with its membrane wings folded and searched for insects,continue,animal,The bat hung from the ceiling with its membrane wings folded and searched for insects,top_sense=animal | top_score=1 | second_score=0 | margin=1 | score_and_margin_above_thresholds,top_sense=animal | top_score=2 | second_score=0 | margin=2 | score_and_margin_above_thresholds,term=bat | cue=wings -> animal | positive_cue=wings -> animal | cue=membrane -> animal | positive_cue=membrane -> animal | realization_type=neutral_extension | semantic_frame_intent=animal_behavior | renderer=semantic_renderer_v2 | candidate_count=2 | selected_candidate=and searched for insects | surface_repair=clean | subject_action_validator=passed | prompt_tail_validator=passed | prompt_tail_evidence=prompt_tail=no_special_tail | selected_sense=animal | accepted_memory_provider=enabled | accepted_memory_version=accepted_knowledge_memory_v1 | accepted_memory_items_loaded=221 | provider_cue=membrane -> bat:animal,no,no,no,yes
kp-v1-014,bat,animal,The flying mammal bat emerged from the attic at night,continue,mammal,low,continue,animal,The flying mammal bat emerged from the attic at night and searched for insects,continue,animal,The flying mammal bat emerged from the attic at night and searched for insects,top_sense=animal | top_score=3 | second_score=0 | margin=3 | score_and_margin_above_thresholds,top_sense=animal | top_score=4 | second_score=0 | margin=4 | score_and_margin_above_thresholds,term=bat | cue=flying -> animal | positive_cue=flying -> animal | cue=night -> animal | positive_cue=night -> animal | cue=attic -> animal | positive_cue=attic -> animal | cue=mammal -> animal | positive_cue=mammal -> animal | realization_type=neutral_extension | semantic_frame_intent=animal_behavior | renderer=semantic_renderer_v2 | candidate_count=2 | selected_candidate=and searched for insects | surface_repair=clean | subject_action_validator=passed | prompt_tail_validator=passed | prompt_tail_evidence=prompt_tail=no_special_tail | selected_sense=animal | accepted_memory_provider=enabled | accepted_memory_version=accepted_knowledge_memory_v1 | accepted_memory_items_loaded=221 | provider_cue=mammal -> bat:animal,no,no,no,yes
kp-v1-015,bat,animal,The bat flew toward the batter during the game,audit,roost,medium,audit,,,audit,,,top_sense=sports_equipment | top_score=2 | second_score=1 | margin=1 | conflict_detected | audit_reason=low_margin_conflict,top_sense=sports_equipment | top_score=2 | second_score=1 | margin=1 | conflict_detected | audit_reason=low_margin_conflict,term=bat | cue=flew -> animal | positive_cue=flew -> animal | cue=game -> sports_equipment | positive_cue=game -> sports_equipment | cue=batter -> sports_equipment | positive_cue=batter -> sports_equipment | conflict_detected,no,no,no,no
kp-v1-016,bat,sports_equipment,The pitcher threw and the batter hit a home run with the bat,continue,pitcher,low,continue,sports_equipment,The pitcher threw and the batter hit a home run with the bat and the player dropped it,continue,sports_equipment,The pitcher threw and the batter hit a home run with the bat and the player dropped it,top_sense=sports_equipment | top_score=2 | second_score=0 | margin=2 | score_and_margin_above_thresholds,top_sense=sports_equipment | top_score=4 | second_score=0 | margin=4 | score_and_margin_above_thresholds,term=bat | cue=hit -> sports_equipment | positive_cue=hit -> sports_equipment | cue=batter -> sports_equipment | positive_cue=batter -> sports_equipment | cue=pitcher -> sports_equipment | positive_cue=pitcher -> sports_equipment | cue=home run -> sports_equipment | positive_cue=home run -> sports_equipment | realization_type=neutral_extension | semantic_frame_intent=sports_action | renderer=semantic_renderer_v2 | candidate_count=2 | selected_candidate=and the player dropped the bat | surface_repair=applied | subject_action_validator=passed | coreference_repair=applied | surface_repair_rule=coreference_pronoun | prompt_tail_validator=passed | prompt_tail_evidence=prompt_tail=no_special_tail | repaired_candidate=and the player dropped it | selected_sense=sports_equipment | accepted_memory_provider=enabled | accepted_memory_version=accepted_knowledge_memory_v1 | accepted_memory_items_loaded=221 | provider_cue=pitcher -> bat:sports_equipment | provider_cue=home run -> bat:sports_equipment,no,no,no,yes
kp-v1-017,bat,sports_equipment,The aluminum bat cracked on contact with the ball,continue,aluminum,low,continue,sports_equipment,The aluminum bat cracked on contact with the ball and the player dropped it,continue,sports_equipment,The aluminum bat cracked on contact with the ball and the player dropped it,top_sense=sports_equipment | top_score=1 | second_score=0 | margin=1 | score_and_margin_above_thresholds,top_sense=sports_equipment | top_score=3 | second_score=0 | margin=3 | score_and_margin_above_thresholds,term=bat | cue=cracked -> sports_equipment | positive_cue=cracked -> sports_equipment | cue=ball -> sports_equipment | positive_cue=ball -> sports_equipment | cue=aluminum -> sports_equipment | positive_cue=aluminum -> sports_equipment | realization_type=neutral_extension | semantic_frame_intent=sports_action | renderer=semantic_renderer_v2 | candidate_count=2 | selected_candidate=and the player dropped the bat | surface_repair=applied | subject_action_validator=passed | coreference_repair=applied | surface_repair_rule=coreference_pronoun | prompt_tail_validator=passed | prompt_tail_evidence=prompt_tail=no_special_tail | repaired_candidate=and the player dropped it | selected_sense=sports_equipment | accepted_memory_provider=enabled | accepted_memory_version=accepted_knowledge_memory_v1 | accepted_memory_items_loaded=221 | provider_cue=ball -> bat:sports_equipment | provider_cue=aluminum -> bat:sports_equipment,no,no,no,yes
kp-v1-018,bat,sports_equipment,He swung the bat at the pitch and drove the ball deep,continue,pitch,low,continue,sports_equipment,He swung the bat at the pitch and drove the ball deep and the player dropped it,continue,sports_equipment,He swung the bat at the pitch and drove the ball deep and the player dropped it,top_sense=sports_equipment | top_score=1 | second_score=0 | margin=1 | score_and_margin_above_thresholds,top_sense=sports_equipment | top_score=3 | second_score=0 | margin=3 | score_and_margin_above_thresholds,term=bat | cue=swung -> sports_equipment | positive_cue=swung -> sports_equipment | cue=ball -> sports_equipment | positive_cue=ball -> sports_equipment | cue=pitch -> sports_equipment | positive_cue=pitch -> sports_equipment | realization_type=neutral_extension | semantic_frame_intent=sports_action | renderer=semantic_renderer_v2 | candidate_count=2 | selected_candidate=and the player dropped the bat | surface_repair=applied | subject_action_validator=passed | coreference_repair=applied | surface_repair_rule=coreference_pronoun | prompt_tail_validator=passed | prompt_tail_evidence=prompt_tail=no_special_tail | repaired_candidate=and the player dropped it | selected_sense=sports_equipment | accepted_memory_provider=enabled | accepted_memory_version=accepted_knowledge_memory_v1 | accepted_memory_items_loaded=221 | provider_cue=ball -> bat:sports_equipment | provider_cue=pitch -> bat:sports_equipment,no,no,no,yes
kp-v1-019,bat,sports_equipment,The aluminum bat connected with the ball and the crowd cheered,continue,ball,low,audit,,,continue,sports_equipment,The aluminum bat connected with the ball and the crowd cheered and the player dropped it,all_sense_scores_zero,top_sense=sports_equipment | top_score=2 | second_score=0 | margin=2 | score_and_margin_above_thresholds,term=bat | cue=ball -> sports_equipment | positive_cue=ball -> sports_equipment | cue=aluminum -> sports_equipment | positive_cue=aluminum -> sports_equipment | realization_type=neutral_extension | semantic_frame_intent=sports_action | renderer=semantic_renderer_v2 | candidate_count=2 | selected_candidate=and the player dropped the bat | surface_repair=applied | subject_action_validator=passed | coreference_repair=applied | surface_repair_rule=coreference_pronoun | prompt_tail_validator=passed | prompt_tail_evidence=prompt_tail=no_special_tail | repaired_candidate=and the player dropped it | selected_sense=sports_equipment | accepted_memory_provider=enabled | accepted_memory_version=accepted_knowledge_memory_v1 | accepted_memory_items_loaded=221 | provider_cue=ball -> bat:sports_equipment | provider_cue=aluminum -> bat:sports_equipment,yes,yes,no,yes
kp-v1-020,bat,sports_equipment,The bat dropped from the cave roof as the batter stepped to the plate,audit,pitcher,medium,audit,,,audit,,,top_sense=sports_equipment | top_score=2 | second_score=1 | margin=1 | conflict_detected | audit_reason=low_margin_conflict,top_sense=sports_equipment | top_score=2 | second_score=1 | margin=1 | conflict_detected | audit_reason=low_margin_conflict,term=bat | cue=cave -> animal | positive_cue=cave -> animal | cue=batter -> sports_equipment | positive_cue=batter -> sports_equipment | cue=plate -> sports_equipment | positive_cue=plate -> sports_equipment | conflict_detected,no,no,no,no
kp-v1-021,seal,animal,The seal pup rested on the rocky coast near the water,continue,pup,low,continue,animal,The seal pup rested on the rocky coast near the water and dove below the surface,continue,animal,The seal pup rested on the rocky coast near the water and dove below the surface,top_sense=animal | top_score=1 | second_score=0 | margin=1 | score_and_margin_above_thresholds,top_sense=animal | top_score=3 | second_score=0 | margin=3 | score_and_margin_above_thresholds,term=seal | cue=water -> animal | positive_cue=water -> animal | cue=coast -> animal | positive_cue=coast -> animal | cue=pup -> animal | positive_cue=pup -> animal | realization_type=neutral_extension | semantic_frame_intent=animal_behavior | renderer=semantic_renderer_v2 | candidate_count=2 | selected_candidate=and dove below the surface | surface_repair=clean | subject_action_validator=passed | prompt_tail_validator=passed | prompt_tail_evidence=prompt_tail=no_special_tail | selected_sense=animal | accepted_memory_provider=enabled | accepted_memory_version=accepted_knowledge_memory_v1 | accepted_memory_items_loaded=221 | provider_cue=coast -> seal:animal | provider_cue=pup -> seal:animal,no,no,no,yes
kp-v1-022,seal,animal,A marine mammal like the seal hunts fish near the shore,continue,marine,low,continue,animal,A marine mammal like the seal hunts fish near the shore and swam through the cold water,continue,animal,A marine mammal like the seal hunts fish near the shore and swam through the cold water,top_sense=animal | top_score=1 | second_score=0 | margin=1 | score_and_margin_above_thresholds,top_sense=animal | top_score=3 | second_score=0 | margin=3 | score_and_margin_above_thresholds,term=seal | cue=fish -> animal | positive_cue=fish -> animal | cue=marine -> animal | positive_cue=marine -> animal | cue=mammal -> animal | positive_cue=mammal -> animal | realization_type=neutral_extension | semantic_frame_intent=animal_behavior | renderer=semantic_renderer_v2 | candidate_count=2 | selected_candidate=and swam through the cold water | surface_repair=clean | subject_action_validator=passed | prompt_tail_validator=passed | prompt_tail_evidence=prompt_tail=no_special_tail | selected_sense=animal | accepted_memory_provider=enabled | accepted_memory_version=accepted_knowledge_memory_v1 | accepted_memory_items_loaded=221 | provider_cue=marine -> seal:animal | provider_cue=mammal -> bat:animal,no,no,no,yes
kp-v1-023,seal,animal,The seal barked loudly as the orca approached the coast,continue,orca,low,audit,,,continue,animal,The seal barked loudly as the orca approached the coast and swam through the cold water,all_sense_scores_zero,top_sense=animal | top_score=2 | second_score=0 | margin=2 | score_and_margin_above_thresholds,term=seal | cue=coast -> animal | positive_cue=coast -> animal | cue=orca -> animal | positive_cue=orca -> animal | realization_type=neutral_extension | semantic_frame_intent=animal_behavior | renderer=semantic_renderer_v2 | candidate_count=2 | selected_candidate=and swam through the cold water | surface_repair=clean | subject_action_validator=passed | prompt_tail_validator=passed | prompt_tail_evidence=prompt_tail=no_special_tail | selected_sense=animal | accepted_memory_provider=enabled | accepted_memory_version=accepted_knowledge_memory_v1 | accepted_memory_items_loaded=221 | provider_cue=coast -> seal:animal | provider_cue=orca -> seal:animal,yes,yes,no,yes
kp-v1-024,seal,animal,Seals have strong flippers for swimming and diving in the ocean,continue,flipper,low,audit,,,audit,,,no_ambiguous_term,no_ambiguous_term,,no,no,no,no
kp-v1-025,seal,animal,The clerk pressed the official seal near the marine exhibit on the coast,audit,marine,medium,continue,closure_stamp,The clerk pressed the official seal near the marine exhibit on the coast and the wax hardened,audit,,,top_sense=closure_stamp | top_score=2 | second_score=0 | margin=2 | score_and_margin_above_thresholds,top_sense=animal | top_score=2 | second_score=2 | margin=0 | conflict_detected | audit_reason=low_margin_conflict,term=seal | cue=coast -> animal | positive_cue=coast -> animal | cue=marine -> animal | positive_cue=marine -> animal | cue=official -> closure_stamp | positive_cue=official -> closure_stamp | cue=clerk -> closure_stamp | positive_cue=clerk -> closure_stamp | conflict_detected | accepted_memory_provider=enabled | accepted_memory_version=accepted_knowledge_memory_v1 | accepted_memory_items_loaded=221 | provider_cue=coast -> seal:animal | provider_cue=marine -> seal:animal,yes,no,yes,yes
kp-v1-026,seal,closure_stamp,The notary pressed the embossed seal onto the certificate,continue,notary,low,audit,,,continue,closure_stamp,The notary pressed the embossed seal onto the certificate and the wax hardened,all_sense_scores_zero,top_sense=closure_stamp | top_score=2 | second_score=0 | margin=2 | score_and_margin_above_thresholds,term=seal | cue=certificate -> closure_stamp | positive_cue=certificate -> closure_stamp | cue=notary -> closure_stamp | positive_cue=notary -> closure_stamp | realization_type=neutral_extension | semantic_frame_intent=document_closure | renderer=semantic_renderer_v2 | candidate_count=2 | selected_candidate=and the wax hardened | surface_repair=clean | subject_action_validator=passed | prompt_tail_validator=passed | prompt_tail_evidence=prompt_tail=no_special_tail | selected_sense=closure_stamp | accepted_memory_provider=enabled | accepted_memory_version=accepted_knowledge_memory_v1 | accepted_memory_items_loaded=221 | provider_cue=certificate -> seal:closure_stamp | provider_cue=notary -> seal:closure_stamp,yes,yes,no,yes
kp-v1-027,seal,closure_stamp,An airtight seal kept the jar closed during transport,continue,airtight,low,audit,,,continue,closure_stamp,An airtight seal kept the jar closed during transport and the wax hardened,all_sense_scores_zero,top_sense=closure_stamp | top_score=1 | second_score=0 | margin=1 | score_and_margin_above_thresholds,term=seal | cue=airtight -> closure_stamp | positive_cue=airtight -> closure_stamp | realization_type=neutral_extension | semantic_frame_intent=document_closure | renderer=semantic_renderer_v2 | candidate_count=2 | selected_candidate=and the wax hardened | surface_repair=clean | subject_action_validator=passed | prompt_tail_validator=passed | prompt_tail_evidence=prompt_tail=no_special_tail | selected_sense=closure_stamp | accepted_memory_provider=enabled | accepted_memory_version=accepted_knowledge_memory_v1 | accepted_memory_items_loaded=221 | provider_cue=airtight -> seal:closure_stamp,yes,yes,no,yes
kp-v1-028,seal,closure_stamp,The stamped seal on the official document was authentic,continue,stamped,low,continue,closure_stamp,The stamped seal on the official document was authentic and the wax hardened,continue,closure_stamp,The stamped seal on the official document was authentic and the wax hardened,top_sense=closure_stamp | top_score=2 | second_score=0 | margin=2 | score_and_margin_above_thresholds,top_sense=closure_stamp | top_score=3 | second_score=0 | margin=3 | score_and_margin_above_thresholds,term=seal | cue=document -> closure_stamp | positive_cue=document -> closure_stamp | cue=official -> closure_stamp | positive_cue=official -> closure_stamp | cue=stamped -> closure_stamp | positive_cue=stamped -> closure_stamp | realization_type=neutral_extension | semantic_frame_intent=document_closure | renderer=semantic_renderer_v2 | candidate_count=2 | selected_candidate=and the wax hardened | surface_repair=clean | subject_action_validator=passed | prompt_tail_validator=passed | prompt_tail_evidence=prompt_tail=no_special_tail | selected_sense=closure_stamp | accepted_memory_provider=enabled | accepted_memory_version=accepted_knowledge_memory_v1 | accepted_memory_items_loaded=221 | provider_cue=stamped -> seal:closure_stamp,no,no,no,yes
kp-v1-029,seal,closure_stamp,The certificate required a notary seal and a clerk signature,continue,certificate,low,continue,closure_stamp,The certificate required a notary seal and a clerk signature and the wax hardened,continue,closure_stamp,The certificate required a notary seal and a clerk signature and the wax hardened,top_sense=closure_stamp | top_score=1 | second_score=0 | margin=1 | score_and_margin_above_thresholds,top_sense=closure_stamp | top_score=3 | second_score=0 | margin=3 | score_and_margin_above_thresholds,term=seal | cue=clerk -> closure_stamp | positive_cue=clerk -> closure_stamp | cue=certificate -> closure_stamp | positive_cue=certificate -> closure_stamp | cue=notary -> closure_stamp | positive_cue=notary -> closure_stamp | realization_type=neutral_extension | semantic_frame_intent=document_closure | renderer=semantic_renderer_v2 | candidate_count=2 | selected_candidate=and the wax hardened | surface_repair=clean | subject_action_validator=passed | prompt_tail_validator=passed | prompt_tail_evidence=prompt_tail=no_special_tail | selected_sense=closure_stamp | accepted_memory_provider=enabled | accepted_memory_version=accepted_knowledge_memory_v1 | accepted_memory_items_loaded=221 | provider_cue=certificate -> seal:closure_stamp | provider_cue=notary -> seal:closure_stamp,no,no,no,yes
kp-v1-030,seal,closure_stamp,The seal barked near the stamped parcel on the pier,audit,stamped,medium,audit,,,audit,,,top_sense=animal | top_score=1 | second_score=1 | margin=0 | conflict_detected | audit_reason=low_margin_conflict,top_sense=closure_stamp | top_score=2 | second_score=1 | margin=1 | conflict_detected | audit_reason=low_margin_conflict,term=seal | cue=pier -> animal | positive_cue=pier -> animal | cue=parcel -> closure_stamp | positive_cue=parcel -> closure_stamp | cue=stamped -> closure_stamp | positive_cue=stamped -> closure_stamp | conflict_detected | accepted_memory_provider=enabled | accepted_memory_version=accepted_knowledge_memory_v1 | accepted_memory_items_loaded=221 | provider_cue=stamped -> seal:closure_stamp,no,no,no,yes
kp-v1-031,crane,bird,A flock of cranes migrated south over the lake at dawn,continue,flock,low,audit,,,audit,,,no_ambiguous_term,no_ambiguous_term,,no,no,no,no
kp-v1-032,crane,bird,The crane waded through the wetland in search of fish,continue,wetland,low,audit,,,continue,bird,The crane waded through the wetland in search of fish and spread its wings,all_sense_scores_zero,top_sense=bird | top_score=1 | second_score=0 | margin=1 | score_and_margin_above_thresholds,term=crane | cue=wetland -> bird | positive_cue=wetland -> bird | realization_type=neutral_extension | semantic_frame_intent=bird_behavior | renderer=semantic_renderer_v2 | candidate_count=2 | selected_candidate=and spread its wings | surface_repair=clean | subject_action_validator=passed | prompt_tail_validator=passed | prompt_tail_evidence=prompt_tail=no_special_tail | selected_sense=bird | accepted_memory_provider=enabled | accepted_memory_version=accepted_knowledge_memory_v1 | accepted_memory_items_loaded=221 | provider_cue=wetland -> crane:bird,yes,yes,no,yes
kp-v1-033,crane,bird,Its long legs helped the crane stand in the shallow reeds,continue,leg,low,continue,bird,Its long legs helped the crane stand in the shallow reeds and spread its wings,continue,bird,Its long legs helped the crane stand in the shallow reeds and spread its wings,top_sense=bird | top_score=1 | second_score=0 | margin=1 | score_and_margin_above_thresholds,top_sense=bird | top_score=1 | second_score=0 | margin=1 | score_and_margin_above_thresholds,term=crane | cue=reeds -> bird | positive_cue=reeds -> bird | realization_type=neutral_extension | semantic_frame_intent=bird_behavior | renderer=semantic_renderer_v2 | candidate_count=2 | selected_candidate=and spread its wings | surface_repair=clean | subject_action_validator=passed | prompt_tail_validator=passed | prompt_tail_evidence=prompt_tail=no_special_tail | selected_sense=bird,no,no,no,no
kp-v1-034,crane,bird,Cranes are known for their migration in large flocks across wetlands,continue,migration,low,audit,,,audit,,,no_ambiguous_term,no_ambiguous_term,,no,no,no,no
kp-v1-035,crane,bird,The crane at the construction site spread its wing while a flock flew over,audit,flock,medium,audit,,,audit,,,top_sense=machine | top_score=2 | second_score=1 | margin=1 | conflict_detected | audit_reason=low_margin_conflict,top_sense=bird | top_score=3 | second_score=3 | margin=0 | conflict_detected | audit_reason=low_margin_conflict,term=crane | cue=flew -> bird | positive_cue=flew -> bird | cue=wing -> bird | positive_cue=wing -> bird | cue=flock -> bird | positive_cue=flock -> bird | cue=construction -> machine | positive_cue=construction -> machine | cue=site -> machine | positive_cue=site -> machine | cue=construction site -> machine | positive_cue=construction site -> machine | conflict_detected | accepted_memory_provider=enabled | accepted_memory_version=accepted_knowledge_memory_v1 | accepted_memory_items_loaded=221 | provider_cue=wing -> crane:bird | provider_cue=flock -> crane:bird | provider_cue=construction site -> crane:machine,no,no,no,yes
kp-v1-036,crane,machine,The crane's cable lowered the steel beams to the ground,continue,cable,low,audit,,,audit,,,no_ambiguous_term,no_ambiguous_term,,no,no,no,no
kp-v1-037,crane,machine,The boom of the tower crane rose above the building site,continue,boom,low,continue,machine,The boom of the tower crane rose above the building site and carried the load,continue,machine,The boom of the tower crane rose above the building site and carried the load,top_sense=machine | top_score=2 | second_score=0 | margin=2 | score_and_margin_above_thresholds,top_sense=machine | top_score=4 | second_score=0 | margin=4 | score_and_margin_above_thresholds,term=crane | cue=building -> machine | positive_cue=building -> machine | cue=site -> machine | positive_cue=site -> machine | cue=boom -> machine | positive_cue=boom -> machine | cue=tower crane -> machine | positive_cue=tower crane -> machine | realization_type=neutral_extension | semantic_frame_intent=construction_action | renderer=semantic_renderer_v2 | candidate_count=2 | selected_candidate=and carried the load | surface_repair=clean | subject_action_validator=passed | prompt_tail_validator=passed | prompt_tail_evidence=prompt_tail=no_special_tail | selected_sense=machine | accepted_memory_provider=enabled | accepted_memory_version=accepted_knowledge_memory_v1 | accepted_memory_items_loaded=221 | provider_cue=boom -> crane:machine | provider_cue=tower crane -> crane:machine,no,no,no,yes
kp-v1-038,crane,machine,Outriggers kept the crane stable on the uneven construction site,continue,outrigger,low,continue,machine,Outriggers kept the crane stable on the uneven construction site and carried the load,continue,machine,Outriggers kept the crane stable on the uneven construction site and carried the load,top_sense=machine | top_score=2 | second_score=0 | margin=2 | score_and_margin_above_thresholds,top_sense=machine | top_score=3 | second_score=0 | margin=3 | score_and_margin_above_thresholds,term=crane | cue=construction -> machine | positive_cue=construction -> machine | cue=site -> machine | positive_cue=site -> machine | cue=construction site -> machine | positive_cue=construction site -> machine | realization_type=neutral_extension | semantic_frame_intent=construction_action | renderer=semantic_renderer_v2 | candidate_count=2 | selected_candidate=and carried the load | surface_repair=clean | subject_action_validator=passed | prompt_tail_validator=passed | prompt_tail_evidence=prompt_tail=no_special_tail | selected_sense=machine | accepted_memory_provider=enabled | accepted_memory_version=accepted_knowledge_memory_v1 | accepted_memory_items_loaded=221 | provider_cue=construction site -> crane:machine,no,no,no,yes
kp-v1-039,crane,machine,The operator used the crane to swing the steel beams over the site,continue,steel beams,low,continue,machine,The operator used the crane to swing the steel beams over the site and carried the load,continue,machine,The operator used the crane to swing the steel beams over the site and carried the load,top_sense=machine | top_score=3 | second_score=0 | margin=3 | score_and_margin_above_thresholds,top_sense=machine | top_score=4 | second_score=0 | margin=4 | score_and_margin_above_thresholds,term=crane | cue=steel -> machine | positive_cue=steel -> machine | cue=operator -> machine | positive_cue=operator -> machine | cue=site -> machine | positive_cue=site -> machine | cue=steel beams -> machine | positive_cue=steel beams -> machine | realization_type=neutral_extension | semantic_frame_intent=construction_action | renderer=semantic_renderer_v2 | candidate_count=2 | selected_candidate=and carried the load | surface_repair=clean | subject_action_validator=passed | prompt_tail_validator=passed | prompt_tail_evidence=prompt_tail=no_special_tail | selected_sense=machine | accepted_memory_provider=enabled | accepted_memory_version=accepted_knowledge_memory_v1 | accepted_memory_items_loaded=221 | provider_cue=steel beams -> crane:machine,no,no,no,yes
kp-v1-040,crane,machine,The crane spread its neck near the tower crane on the site,audit,tower crane,medium,audit,,,audit,,,top_sense=bird | top_score=1 | second_score=1 | margin=0 | conflict_detected | audit_reason=low_margin_conflict,top_sense=machine | top_score=2 | second_score=1 | margin=1 | conflict_detected | audit_reason=low_margin_conflict,term=crane | cue=neck -> bird | positive_cue=neck -> bird | cue=site -> machine | positive_cue=site -> machine | cue=tower crane -> machine | positive_cue=tower crane -> machine | conflict_detected | accepted_memory_provider=enabled | accepted_memory_version=accepted_knowledge_memory_v1 | accepted_memory_items_loaded=221 | provider_cue=tower crane -> crane:machine,no,no,no,yes
kp-v1-041,rock,stone,The geologist studied the mineral layers in the rock formation,continue,mineral,low,audit,,,continue,stone,The geologist studied the mineral layers in the rock formation and lay near the river,all_sense_scores_zero,top_sense=stone | top_score=1 | second_score=0 | margin=1 | score_and_margin_above_thresholds,term=rock | cue=mineral -> stone | positive_cue=mineral -> stone | realization_type=neutral_extension | semantic_frame_intent=stone_motion | renderer=semantic_renderer_v2 | candidate_count=1 | selected_candidate=and lay near the river | surface_repair=clean | subject_action_validator=passed | prompt_tail_validator=passed | prompt_tail_evidence=prompt_tail=no_special_tail | selected_sense=stone | accepted_memory_provider=enabled | accepted_memory_version=accepted_knowledge_memory_v1 | accepted_memory_items_loaded=221 | provider_cue=mineral -> rock:stone,yes,yes,no,yes
kp-v1-042,rock,stone,A boulder of solid rock blocked the trail on the hillside,continue,hillside,low,continue,stone,A boulder of solid rock blocked the trail on the hillside and lay near the river,continue,stone,A boulder of solid rock blocked the trail on the hillside and lay near the river,top_sense=stone | top_score=2 | second_score=0 | margin=2 | score_and_margin_above_thresholds,top_sense=stone | top_score=3 | second_score=0 | margin=3 | score_and_margin_above_thresholds,term=rock | cue=trail -> stone | positive_cue=trail -> stone | cue=boulder -> stone | positive_cue=boulder -> stone | cue=hillside -> stone | positive_cue=hillside -> stone | realization_type=neutral_extension | semantic_frame_intent=stone_motion | renderer=semantic_renderer_v2 | candidate_count=1 | selected_candidate=and lay near the river | surface_repair=clean | subject_action_validator=passed | prompt_tail_validator=passed | prompt_tail_evidence=prompt_tail=no_special_tail | selected_sense=stone | accepted_memory_provider=enabled | accepted_memory_version=accepted_knowledge_memory_v1 | accepted_memory_items_loaded=221 | provider_cue=hillside -> rock:stone,no,no,no,yes
kp-v1-043,rock,stone,Geology experts noted the rock formation near the mountain trail,continue,geology,low,continue,stone,Geology experts noted the rock formation near the mountain trail and lay near the river,continue,stone,Geology experts noted the rock formation near the mountain trail and lay near the river,top_sense=stone | top_score=2 | second_score=0 | margin=2 | score_and_margin_above_thresholds,top_sense=stone | top_score=3 | second_score=0 | margin=3 | score_and_margin_above_thresholds,term=rock | cue=mountain -> stone | positive_cue=mountain -> stone | cue=trail -> stone | positive_cue=trail -> stone | cue=geology -> stone | positive_cue=geology -> stone | realization_type=neutral_extension | semantic_frame_intent=stone_motion | renderer=semantic_renderer_v2 | candidate_count=1 | selected_candidate=and lay near the river | surface_repair=clean | subject_action_validator=passed | prompt_tail_validator=passed | prompt_tail_evidence=prompt_tail=no_special_tail | selected_sense=stone | accepted_memory_provider=enabled | accepted_memory_version=accepted_knowledge_memory_v1 | accepted_memory_items_loaded=221 | provider_cue=geology -> rock:stone,no,no,no,yes
kp-v1-044,rock,stone,The heavy rock lay near the mountain stream at the base of the cliff,continue,mineral,low,continue,stone,The heavy rock lay near the mountain stream at the base of the cliff and lay near the river,continue,stone,The heavy rock lay near the mountain stream at the base of the cliff and lay near the river,top_sense=stone | top_score=3 | second_score=0 | margin=3 | score_and_margin_above_thresholds,top_sense=stone | top_score=3 | second_score=0 | margin=3 | score_and_margin_above_thresholds,term=rock | cue=mountain -> stone | positive_cue=mountain -> stone | cue=heavy -> stone | positive_cue=heavy -> stone | cue=cliff -> stone | positive_cue=cliff -> stone | realization_type=neutral_extension | semantic_frame_intent=stone_motion | renderer=semantic_renderer_v2 | candidate_count=1 | selected_candidate=and lay near the river | surface_repair=clean | subject_action_validator=passed | prompt_tail_validator=passed | prompt_tail_evidence=prompt_tail=no_special_tail | selected_sense=stone,no,no,no,no
kp-v1-045,rock,stone,The rock band rehearsed near the cliff while climbers scaled the boulder,audit,mineral,medium,audit,,,audit,,,top_sense=stone | top_score=2 | second_score=1 | margin=1 | conflict_detected | audit_reason=low_margin_conflict,top_sense=stone | top_score=2 | second_score=1 | margin=1 | conflict_detected | audit_reason=low_margin_conflict,term=rock | cue=cliff -> stone | positive_cue=cliff -> stone | cue=boulder -> stone | positive_cue=boulder -> stone | cue=band -> music | positive_cue=band -> music | conflict_detected,no,no,no,no
kp-v1-046,rock,music,The rock band released a new album to sold-out crowds,continue,album,low,continue,music,The rock band released a new album to sold-out crowds and filled the stadium,continue,music,The rock band released a new album to sold-out crowds and filled the stadium,top_sense=music | top_score=1 | second_score=0 | margin=1 | score_and_margin_above_thresholds,top_sense=music | top_score=2 | second_score=0 | margin=2 | score_and_margin_above_thresholds,term=rock | cue=band -> music | positive_cue=band -> music | cue=album -> music | positive_cue=album -> music | realization_type=neutral_extension | semantic_frame_intent=music_performance | renderer=semantic_renderer_v2 | candidate_count=1 | selected_candidate=and filled the stadium | surface_repair=clean | subject_action_validator=passed | prompt_tail_validator=passed | prompt_tail_evidence=prompt_tail=no_special_tail | selected_sense=music | accepted_memory_provider=enabled | accepted_memory_version=accepted_knowledge_memory_v1 | accepted_memory_items_loaded=221 | provider_cue=album -> rock:music,no,no,no,yes
kp-v1-047,rock,music,He played drums on the stage at the rock concert,continue,drum,low,continue,music,He played drums on the stage at the rock concert and filled the stadium,continue,music,He played drums on the stage at the rock concert and filled the stadium,top_sense=music | top_score=2 | second_score=0 | margin=2 | score_and_margin_above_thresholds,top_sense=music | top_score=2 | second_score=0 | margin=2 | score_and_margin_above_thresholds,term=rock | cue=concert -> music | positive_cue=concert -> music | cue=stage -> music | positive_cue=stage -> music | realization_type=neutral_extension | semantic_frame_intent=music_performance | renderer=semantic_renderer_v2 | candidate_count=1 | selected_candidate=and filled the stadium | surface_repair=clean | subject_action_validator=passed | prompt_tail_validator=passed | prompt_tail_evidence=prompt_tail=no_special_tail | selected_sense=music,no,no,no,no
kp-v1-048,rock,music,Rock is a genre that includes punk and metal subgenres,continue,genre,low,audit,,,continue,music,Rock is a genre that includes punk and metal subgenres and filled the stadium,all_sense_scores_zero,top_sense=music | top_score=1 | second_score=0 | margin=1 | score_and_margin_above_thresholds,term=rock | cue=genre -> music | positive_cue=genre -> music | realization_type=neutral_extension | semantic_frame_intent=music_performance | renderer=semantic_renderer_v2 | candidate_count=1 | selected_candidate=and filled the stadium | surface_repair=clean | subject_action_validator=passed | prompt_tail_validator=passed | prompt_tail_evidence=prompt_tail=no_special_tail | selected_sense=music | accepted_memory_provider=enabled | accepted_memory_version=accepted_knowledge_memory_v1 | accepted_memory_items_loaded=221 | provider_cue=genre -> rock:music,yes,yes,no,yes
kp-v1-049,rock,music,The rock crowd cheered as the band played on the stage,continue,album,low,continue,music,The rock crowd cheered as the band played on the stage and filled the stadium,continue,music,The rock crowd cheered as the band played on the stage and filled the stadium,top_sense=music | top_score=3 | second_score=0 | margin=3 | score_and_margin_above_thresholds,top_sense=music | top_score=3 | second_score=0 | margin=3 | score_and_margin_above_thresholds,term=rock | cue=band -> music | positive_cue=band -> music | cue=stage -> music | positive_cue=stage -> music | cue=crowd -> music | positive_cue=crowd -> music | realization_type=neutral_extension | semantic_frame_intent=music_performance | renderer=semantic_renderer_v2 | candidate_count=1 | selected_candidate=and filled the stadium | surface_repair=clean | subject_action_validator=passed | prompt_tail_validator=passed | prompt_tail_evidence=prompt_tail=no_special_tail | selected_sense=music,no,no,no,no
kp-v1-050,rock,music,The drum kit sat on the flat rock near the cliff by the stage,audit,drum,medium,audit,,,audit,,,top_sense=music | top_score=1 | second_score=1 | margin=0 | conflict_detected | audit_reason=low_margin_conflict,top_sense=music | top_score=2 | second_score=1 | margin=1 | conflict_detected | audit_reason=low_margin_conflict,term=rock | cue=cliff -> stone | positive_cue=cliff -> stone | cue=stage -> music | positive_cue=stage -> music | cue=drum -> music | positive_cue=drum -> music | conflict_detected | accepted_memory_provider=enabled | accepted_memory_version=accepted_knowledge_memory_v1 | accepted_memory_items_loaded=221 | provider_cue=drum -> rock:music,no,no,no,yes
kp-v1-051,spring,season,Spring flowers bloomed in the garden after the morning rain,continue,bloom,low,continue,season,Spring flowers bloomed in the garden after the morning rain brought warmer days,continue,season,Spring flowers bloomed in the garden after the morning rain brought warmer days,top_sense=season | top_score=3 | second_score=0 | margin=3 | score_and_margin_above_thresholds,top_sense=season | top_score=4 | second_score=0 | margin=4 | score_and_margin_above_thresholds,term=spring | cue=flowers -> season | positive_cue=flowers -> season | cue=garden -> season | positive_cue=garden -> season | cue=rain -> season | positive_cue=rain -> season | cue=morning -> season | positive_cue=morning -> season | realization_type=clause_after_after_subject | semantic_frame_intent=seasonal_change | renderer=semantic_renderer_v2 | candidate_count=1 | selected_candidate=brought warmer days | surface_repair=clean | subject_action_validator=passed | prompt_tail_validator=passed | prompt_tail_evidence=prompt_tail=no_special_tail | selected_sense=season | accepted_memory_provider=enabled | accepted_memory_version=accepted_knowledge_memory_v1 | accepted_memory_items_loaded=221 | provider_cue=morning -> spring:season,no,no,no,yes
kp-v1-052,spring,season,The spring migration brought birds to the lake every year,continue,migration,low,audit,,,continue,season,The spring migration brought birds to the lake every year and brought warmer days,all_sense_scores_zero,top_sense=season | top_score=1 | second_score=0 | margin=1 | score_and_margin_above_thresholds,term=spring | cue=migration -> season | positive_cue=migration -> season | realization_type=neutral_extension | semantic_frame_intent=seasonal_change | renderer=semantic_renderer_v2 | candidate_count=1 | selected_candidate=and brought warmer days | surface_repair=clean | subject_action_validator=passed | prompt_tail_validator=passed | prompt_tail_evidence=prompt_tail=no_special_tail | selected_sense=season | accepted_memory_provider=enabled | accepted_memory_version=accepted_knowledge_memory_v1 | accepted_memory_items_loaded=221 | provider_cue=migration -> spring:season,yes,yes,no,yes
kp-v1-053,spring,season,Fresh spring mornings followed the thaw each year,continue,morning,low,continue,season,Fresh spring mornings followed the thaw each year and brought warmer days,continue,season,Fresh spring mornings followed the thaw each year and brought warmer days,top_sense=season | top_score=2 | second_score=0 | margin=2 | score_and_margin_above_thresholds,top_sense=season | top_score=2 | second_score=0 | margin=2 | score_and_margin_above_thresholds,term=spring | cue=thaw -> season | positive_cue=thaw -> season | cue=mornings -> season | positive_cue=mornings -> season | realization_type=neutral_extension | semantic_frame_intent=seasonal_change | renderer=semantic_renderer_v2 | candidate_count=1 | selected_candidate=and brought warmer days | surface_repair=clean | subject_action_validator=passed | prompt_tail_validator=passed | prompt_tail_evidence=prompt_tail=no_special_tail | selected_sense=season,no,no,no,no
kp-v1-054,spring,season,Spring was the season when flowers bloomed and birds returned,continue,flower,low,continue,season,Spring was the season when flowers bloomed and birds returned and brought warmer days,continue,season,Spring was the season when flowers bloomed and birds returned and brought warmer days,top_sense=season | top_score=1 | second_score=0 | margin=1 | score_and_margin_above_thresholds,top_sense=season | top_score=1 | second_score=0 | margin=1 | score_and_margin_above_thresholds,term=spring | cue=flowers -> season | positive_cue=flowers -> season | realization_type=neutral_extension | semantic_frame_intent=seasonal_change | renderer=semantic_renderer_v2 | candidate_count=1 | selected_candidate=and brought warmer days | surface_repair=clean | subject_action_validator=passed | prompt_tail_validator=passed | prompt_tail_evidence=prompt_tail=no_special_tail | selected_sense=season,no,no,no,no
kp-v1-055,spring,season,The spring in the latch clicked as the spring rain filled the garden,audit,bloom,medium,audit,,,audit,,,top_sense=season | top_score=2 | second_score=1 | margin=1 | conflict_detected | audit_reason=low_margin_conflict,top_sense=season | top_score=2 | second_score=1 | margin=1 | conflict_detected | audit_reason=low_margin_conflict,term=spring | cue=garden -> season | positive_cue=garden -> season | cue=rain -> season | positive_cue=rain -> season | cue=latch -> coil | positive_cue=latch -> coil | conflict_detected,no,no,no,no
kp-v1-056,spring,coil,The coil spring in the door handle under constant tension,continue,coil,low,continue,coil,The coil spring in the door handle under constant tension and snapped back into place,continue,coil,The coil spring in the door handle under constant tension and snapped back into place,top_sense=coil | top_score=2 | second_score=0 | margin=2 | score_and_margin_above_thresholds,top_sense=coil | top_score=3 | second_score=0 | margin=3 | score_and_margin_above_thresholds,term=spring | cue=tension -> coil | positive_cue=tension -> coil | cue=handle -> coil | positive_cue=handle -> coil | cue=coil -> coil | positive_cue=coil -> coil | realization_type=neutral_extension | semantic_frame_intent=mechanical_motion | renderer=semantic_renderer_v2 | candidate_count=1 | selected_candidate=and snapped back into place | surface_repair=clean | subject_action_validator=passed | prompt_tail_validator=passed | prompt_tail_evidence=prompt_tail=no_special_tail | selected_sense=coil | accepted_memory_provider=enabled | accepted_memory_version=accepted_knowledge_memory_v1 | accepted_memory_items_loaded=221 | provider_cue=coil -> spring:coil,no,no,no,yes
kp-v1-057,spring,coil,An elastic spring in the mattress provided comfortable support,continue,mattress,low,audit,,,continue,coil,An elastic spring in the mattress provided comfortable support and snapped back into place,all_sense_scores_zero,top_sense=coil | top_score=2 | second_score=0 | margin=2 | score_and_margin_above_thresholds,term=spring | cue=elastic -> coil | positive_cue=elastic -> coil | cue=mattress -> coil | positive_cue=mattress -> coil | realization_type=neutral_extension | semantic_frame_intent=mechanical_motion | renderer=semantic_renderer_v2 | candidate_count=1 | selected_candidate=and snapped back into place | surface_repair=clean | subject_action_validator=passed | prompt_tail_validator=passed | prompt_tail_evidence=prompt_tail=no_special_tail | selected_sense=coil | accepted_memory_provider=enabled | accepted_memory_version=accepted_knowledge_memory_v1 | accepted_memory_items_loaded=221 | provider_cue=elastic -> spring:coil | provider_cue=mattress -> spring:coil,yes,yes,no,yes
kp-v1-058,spring,coil,The worn spring in the latch caused the handle to stick,continue,elastic,low,continue,coil,The worn spring in the latch caused the handle to stick and snapped back into place,continue,coil,The worn spring in the latch caused the handle to stick and snapped back into place,top_sense=coil | top_score=2 | second_score=0 | margin=2 | score_and_margin_above_thresholds,top_sense=coil | top_score=2 | second_score=0 | margin=2 | score_and_margin_above_thresholds,term=spring | cue=latch -> coil | positive_cue=latch -> coil | cue=handle -> coil | positive_cue=handle -> coil | realization_type=neutral_extension | semantic_frame_intent=mechanical_motion | renderer=semantic_renderer_v2 | candidate_count=1 | selected_candidate=and snapped back into place | surface_repair=clean | subject_action_validator=passed | prompt_tail_validator=passed | prompt_tail_evidence=prompt_tail=no_special_tail | selected_sense=coil,no,no,no,no
kp-v1-059,spring,coil,The elastic spring inside the device maintained tension throughout the bounce,continue,elastic,low,continue,coil,The elastic spring inside the device maintained tension throughout the bounce and snapped back into place,continue,coil,The elastic spring inside the device maintained tension throughout the bounce and snapped back into place,top_sense=coil | top_score=3 | second_score=0 | margin=3 | score_and_margin_above_thresholds,top_sense=coil | top_score=4 | second_score=0 | margin=4 | score_and_margin_above_thresholds,term=spring | cue=tension -> coil | positive_cue=tension -> coil | cue=bounce -> coil | positive_cue=bounce -> coil | cue=device -> coil | positive_cue=device -> coil | cue=elastic -> coil | positive_cue=elastic -> coil | realization_type=neutral_extension | semantic_frame_intent=mechanical_motion | renderer=semantic_renderer_v2 | candidate_count=1 | selected_candidate=and snapped back into place | surface_repair=clean | subject_action_validator=passed | prompt_tail_validator=passed | prompt_tail_evidence=prompt_tail=no_special_tail | selected_sense=coil | accepted_memory_provider=enabled | accepted_memory_version=accepted_knowledge_memory_v1 | accepted_memory_items_loaded=221 | provider_cue=elastic -> spring:coil,no,no,no,yes
kp-v1-060,spring,coil,The metal spring latch compressed as the spring flowers bloomed in the warm garden,audit,coil,medium,audit,,,audit,,,top_sense=coil | top_score=3 | second_score=3 | margin=0 | conflict_detected | audit_reason=low_margin_conflict,top_sense=coil | top_score=3 | second_score=3 | margin=0 | conflict_detected | audit_reason=low_margin_conflict,term=spring | cue=flowers -> season | positive_cue=flowers -> season | cue=warm -> season | positive_cue=warm -> season | cue=garden -> season | positive_cue=garden -> season | cue=metal -> coil | positive_cue=metal -> coil | cue=compressed -> coil | positive_cue=compressed -> coil | cue=latch -> coil | positive_cue=latch -> coil | conflict_detected,no,no,no,no
